sep=,
"Time","0.001","0.005","0.01","0.05","0.075","0.1","0.25","0.5","1.0","2.0","5.0","10.0","+Inf"
2024-02-17 22:50:00,0,0,0,0,0,0,0,0,0,0,0,0,2.18
2024-02-17 22:50:30,0,0,0,0,0,0,0,0,0,0,0,0,1.09
2024-02-17 22:51:00,0,0,0,0,0,0,0,0,0,0,0,0,1.09
2024-02-17 22:51:30,0,0,0,0,0,0,0,0,0,0,0,0,1.09
2024-02-17 22:52:00,0,0,0,0,0,0,0,0,0,0,0,0,1.09
2024-02-17 22:52:30,50.2,196,1.09,6.55,2.18,1.09,36,7.64,10.9,8.73,0,0,2.18
2024-02-17 22:53:00,91.6,444,2.18,26.2,13.1,3.27,64.4,17.5,22.9,20.7,0,0,2.18
2024-02-17 22:53:30,142,704,5.45,46.9,31.6,10.9,80.7,17.5,22.9,45.8,0,0,1.09
2024-02-17 22:54:00,165,941,5.45,50.2,32.7,10.9,122,36,44.7,48,0,0,0
2024-02-17 22:54:30,115,981,4.36,42.5,30.5,9.82,129,36,60,40.4,0,0,0
2024-02-17 22:55:00,76.4,1003,3.27,20.7,14.2,6.55,156,54.5,86.2,19.6,0,0,0
2024-02-17 22:55:30,31.6,1051,0,10.9,4.36,2.18,178,62.2,103,5.45,0,0,0
2024-02-17 22:56:00,17.5,1076,6.55,33.8,18.5,8.73,140,44.7,75.3,29.5,0,0,0
2024-02-17 22:56:30,7.64,1080,7.64,41.5,21.8,10.9,130,40.4,64.4,36,0,0,0
2024-02-17 22:57:00,3.27,1081,9.82,39.3,21.8,10.9,129,44.7,58.9,36,0,0,0
2024-02-17 22:57:30,3.27,1072,16.4,45.8,29.5,7.64,122,41.5,51.3,41.5,0,0,0
2024-02-17 22:58:00,1.09,1081,29.5,44.7,29.5,7.64,121,41.5,50.2,42.5,0,0,0
2024-02-17 22:58:30,20.7,1072,33.8,56.7,36,15.3,104,19.6,31.6,58.9,0,0,0
2024-02-17 22:59:00,38.2,1075,32.7,72,44.7,19.6,77.5,4.36,16.4,77.5,0,0,0
2024-02-17 22:59:30,40.4,1057,27.3,45.8,26.2,15.3,115,27.3,42.5,52.4,0,0,0
2024-02-17 23:00:00,39.3,1056,22.9,24,14.2,9.82,147,46.9,72,28.4,0,0,0
2024-02-17 23:00:30,9.82,1055,24,7.64,3.27,1.09,169,63.3,94.9,12,0,0,0
2024-02-17 23:01:00,3.27,1048,28.4,0,0,0,180,67.6,111,1.09,0,0,0
2024-02-17 23:01:30,0,1041,39.3,1.09,1.09,0,181,67.6,111,1.09,0,0,0
2024-02-17 23:02:00,0,1047,49.1,7.64,4.36,4.36,175,68.7,94.9,7.64,0,0,0
2024-02-17 23:02:30,0,1031,68.7,26.2,15.3,9.82,144,46.9,70.9,28.4,0,0,0
2024-02-17 23:03:00,0,1016,87.3,44.7,26.2,14.2,118,34.9,43.6,48,0,0,0
2024-02-17 23:03:30,132,907,70.9,76.4,43.6,19.6,80.7,10.9,19.6,70.9,0,0,0
2024-02-17 23:04:00,230,856,52.4,80.7,45.8,17.5,69.8,3.27,10.9,81.8,0,0,0
2024-02-17 23:04:30,261,835,24,57.8,32.7,10.9,104,21.8,30.5,63.3,0,0,0
2024-02-17 23:05:00,261,857,6.55,63.3,41.5,7.64,97.1,21.8,29.5,63.3,0,0,0
2024-02-17 23:05:30,147,970,9.82,61.1,42.5,8.73,94.9,21.8,29.5,63.3,0,0,0
2024-02-17 23:06:00,80.7,1028,16.4,74.2,53.5,13.1,82.9,17.5,22.9,68.7,0,0,0
2024-02-17 23:06:30,48,1066,21.8,92.7,62.2,20.7,45.8,0,2.18,89.5,0,0,0
2024-02-17 23:07:00,18.5,1090,20.7,82.9,61.1,20.7,61.1,0,8.73,82.9,0,0,0
2024-02-17 23:07:30,10.9,1081,34.9,85.1,52.4,22.9,70.9,0,9.82,81.8,0,0,0
2024-02-17 23:08:00,4.36,1072,43.6,82.9,51.3,19.6,74.2,0,10.9,79.6,0,0,0
2024-02-17 23:08:30,33.8,1048,46.9,73.1,39.3,18.5,99.3,0,17.5,73.1,0,0,0
2024-02-17 23:09:00,58.9,1036,41.5,75.3,43.6,19.6,90.5,0,15.3,76.4,0,0,0
2024-02-17 23:09:30,67.6,1032,24,69.8,44.7,18.5,93.8,0,17.5,74.2,0,0,0
2024-02-17 23:10:00,63.3,1040,17.5,77.5,56.7,16.4,78.5,0,13.1,77.5,0,0,0
2024-02-17 23:10:30,26.2,1073,24,80.7,60,14.2,70.9,0,12,77.5,1.09,0,0
2024-02-17 23:11:00,15.3,1083,33.8,88.4,60.0,16.4,68.7,0,10.9,78.5,1.09,0,0
2024-02-17 23:11:30,5.45,1064,41.5,98.2,57.8,18.5,64.4,0,12,77.5,1.09,0,0
2024-02-17 23:12:00,3.27,1061,55.6,91.6,52.4,22.9,62.2,0,12,77.5,1.09,0,0
2024-02-17 23:12:30,0,1049,68.7,89.5,48,19.6,62.2,12,13.1,77.5,0,0,0
2024-02-17 23:13:00,0,1027,77.5,57.8,29.5,13.1,100,32.7,40.4,53.5,0,0,0
2024-02-17 23:13:30,2.18,1027,58.9,28.4,15.3,4.36,136,50.2,70.9,29.5,0,0,0
2024-02-17 23:14:00,5.45,1023,44.7,5.45,1.09,0,175,69.8,101,4.36,0,0,0
2024-02-17 23:14:30,5.45,1035,31.6,1.09,0,0,179,72,107,1.09,0,0,0
2024-02-17 23:15:00,5.45,1048,26.2,0,0,0,180,70.9,108,1.09,0,0,0
2024-02-17 23:15:30,2.18,1034,42.5,1.09,0,0,184,70.9,104,1.09,0,0,0
2024-02-17 23:16:00,0,1030,44.7,5.45,0,0,185,70.9,103,1.09,0,0,0
2024-02-17 23:16:30,0,943,58.9,5.45,0,0,173,63.3,91.6,7.64,1.09,0,0
2024-02-17 23:17:00,0,873,75.3,12,5.45,2.18,158,51.3,72,22.9,1.09,0,0
2024-02-17 23:17:30,0,841,100,13.1,6.55,2.18,152,52.4,75.3,22.9,1.09,0,0
2024-02-17 23:18:00,0,832,119,9.82,6.55,2.18,152,58.9,70.9,22.9,1.09,0,0
2024-02-17 23:18:30,56.7,876,105,9.82,6.55,2.18,166,58.9,93.8,14.2,0,0,0
2024-02-17 23:19:00,73.1,696,66.5,2.18,1.09,0,141,44.7,75.3,16.4,0,0,1.09
2024-02-17 23:19:30,166,675,38.2,7.64,4.36,6.55,113,22.9,48,40.4,0,0,1.09
2024-02-17 23:20:00,205,692,3.27,34.9,22.9,9.82,76.4,4.36,18.5,64.4,0,0,1.09
2024-02-17 23:20:30,188,823,5.45,44.7,33.8,14.2,63.3,3.27,7.64,70.9,0,0,1.09
2024-02-17 23:21:00,142,994,8.73,41.5,33.8,9.82,93.8,24,28.4,63.3,0,0,0
2024-02-17 23:21:30,79.6,1022,10.9,49.1,33.8,7.64,112,29.5,42.5,51.3,0,0,0
2024-02-17 23:22:00,41.5,1066,20.7,33.8,18.5,9.82,134,36,54.5,41.5,0,0,0
2024-02-17 23:22:30,16.4,1059,32.7,48,21.8,12,122,24,44.7,50.2,0,0,0
2024-02-17 23:23:00,6.55,1070,36,65.5,38.2,13.1,96,12,27.3,66.5,0,0,0
2024-02-17 23:23:30,55.6,1041,40.4,69.8,43.6,20.7,78.5,0,7.64,82.9,0,0,0
2024-02-17 23:24:00,84,1023,32.7,69.8,44.7,16.4,73.1,4.36,7.64,84,0,0,0
2024-02-17 23:24:30,90.5,993,20.7,55.6,32.7,12,109,26.2,32.7,58.9,0,0,0
2024-02-17 23:25:00,87.3,988,26.2,34.9,16.4,8.73,139,50.2,54.5,36,0,0,0
2024-02-17 23:25:30,27.3,1032,29.5,45.8,25.1,7.64,134,50.2,55.6,34.9,0,0,0
2024-02-17 23:26:00,14.2,1048,42.5,44.7,29.5,12,123,38.2,42.5,46.9,0,0,0
2024-02-17 23:26:30,5.45,1059,57.8,61.1,39.3,24,89.5,15.3,17.5,72,0,0,0
2024-02-17 23:27:00,3.27,1069,69.8,84,54.5,24,61.1,0,1.09,89.5,0,0,0
2024-02-17 23:27:30,4.36,1028,80.7,60,33.8,19.6,103,13.1,19.6,69.8,0,0,0
2024-02-17 23:28:00,2.18,1005,75.3,41.5,21.8,13.1,131,34.9,46.9,44.7,0,0,0
2024-02-17 23:28:30,5.45,991,76.4,36,17.5,9.82,142,46.9,60,30.5,0,0,0
2024-02-17 23:29:00,4.36,1036,61.1,42.5,24,13.1,135,40.4,54.5,37.1,0,0,0
2024-02-17 23:29:30,4.36,1065,54.5,48,28.4,13.1,125,34.9,46.9,45.8,0,0,0
2024-02-17 23:30:00,2.18,1068,53.5,48,28.4,13.1,125,36,45.8,45.8,0,0,0
2024-02-17 23:30:30,0,1054,56.7,28.4,14.2,7.64,151,51.3,66.5,28.4,0,0,0
2024-02-17 23:31:00,0,1017,74.2,9.82,4.36,1.09,173,69.8,89.5,9.82,0,0,0
2024-02-17 23:31:30,0,1001,86.2,10.9,5.45,5.45,160,62.2,81.8,17.5,0,0,0
2024-02-17 23:32:00,0,998,94.9,12,4.36,5.45,160,63.3,84,17.5,0,0,0
2024-02-17 23:32:30,0,984,109,12,4.36,5.45,160,62.2,85.1,17.5,0,0,0
2024-02-17 23:33:00,0,967,121,6.55,2.18,4.36,168,70.9,89.5,10.9,0,0,0
2024-02-17 23:33:30,0,713,109,1.09,0,0,137,60,78.5,0,0,0,0
2024-02-17 23:34:00,0,446,81.8,1.09,0,0,88.4,43.6,45.8,0,0,0,0
2024-02-17 23:34:30,0,194,40.4,0,0,0,39.3,20.7,19.6,0,0,0,1.09
2024-02-17 23:35:00,0,0,0,0,0,0,0,0,0,0,0,0,1.09
2024-02-17 23:35:30,0,0,0,0,0,0,0,0,0,0,0,0,2.18
2024-02-17 23:36:00,0,0,0,0,0,0,0,0,0,0,0,0,1.09
2024-02-17 23:36:30,0,0,0,0,0,0,0,0,0,0,0,0,2.18
2024-02-17 23:37:00,0,0,0,0,0,0,0,0,0,0,0,0,1.09
2024-02-17 23:37:30,0,0,0,0,0,0,0,0,0,0,0,0,2.18
2024-02-17 23:38:00,0,0,0,0,0,0,0,0,0,0,0,0,1.09
2024-02-17 23:38:30,371,1249,41.5,67.6,26.2,61.1,119,1.09,0,1.09,0,0,2.18
2024-02-17 23:39:00,399,3105,227,158,90.5,137,227,1.09,0,1.09,0,0,2.18
2024-02-17 23:39:30,399,4373,626,348,157,178,302,3.27,0,1.09,0,0,1.09
2024-02-17 23:40:00,285,5222,1465,604,213,209,337,5.45,0,0,0,0,0
2024-02-17 23:40:30,1.09,3833,2781,1004,237,172,206,5.45,0,0,0,0,0
2024-02-17 23:41:00,314,3153,3028,1131,203,175,212,5.45,0,0,0,0,0
2024-02-17 23:41:30,341,3938,2700,1010,188,217,266,0,0,0,0,0,0
2024-02-17 23:42:00,341,4636,2155,833,193,227,310,0,0,0,0,0,0
2024-02-17 23:42:30,341,5398,1596,592,205,228,355,0,0,0,0,0,0
2024-02-17 23:43:00,7.64,4115,2852,886,253,190,242,0,0,0,0,0,0
2024-02-17 23:43:30,344,3661,2941,929,227,190,266,0,0,0,0,0,0
2024-02-17 23:44:00,361,4190,2506,844,203,213,309,0,0,0,0,0,0
2024-02-17 23:44:30,361,4803,1970,707,214,215,341,0,0,0,0,0,0
2024-02-17 23:45:00,226,5507,1568,576,227,211,352,0,0,0,0,0,0
2024-02-17 23:45:30,3.27,4057,2867,891,266,176,233,0,0,0,0,0,0
2024-02-17 23:46:00,308,3336,2928,932,260,145,249,5.45,1.09,0,0,0,0
2024-02-17 23:46:30,337,3967,2584,937,221,170,271,5.45,1.09,0,0,0,0
2024-02-17 23:47:00,337,4538,1905,777,204,161,279,17.5,2.18,0,0,0,0
2024-02-17 23:47:30,193,5281,1440,638,221,167,291,17.5,2.18,0,0,0,0
2024-02-17 23:48:00,2.18,4258,2686,878,236,168,200,12,1.09,0,0,0,0
2024-02-17 23:48:30,293,3899,2779,915,219,159,225,12,1.09,0,0,0,0
2024-02-17 23:49:00,302,4528,2509,842,235,182,291,0,0,0,0,0,0
2024-02-17 23:49:30,302,5054,2098,737,227,191,323,0,0,0,0,0,0
2024-02-17 23:50:00,181,5520,1875,655,231,199,320,0,0,0,0,0,0
2024-02-17 23:50:30,2.18,3742,3096,952,241,170,230,1.09,1.09,0,0,0,0
2024-02-17 23:51:00,361,3494,2975,948,214,185,265,1.09,1.09,0,0,0,0
2024-02-17 23:51:30,373,4016,2531,857,207,215,291,1.09,1.09,0,0,0,0
2024-02-17 23:52:00,373,4792,1925,697,220,214,334,1.09,1.09,0,0,0,0
2024-02-17 23:52:30,184,5265,1705,616,230,221,326,1.09,1.09,0,0,0,0
2024-02-17 23:53:00,1.09,3830,3001,897,263,171,231,1.09,1.09,0,0,0,0
2024-02-17 23:53:30,17.5,2169,2973,1287,215,124,187,15.3,2.18,1.09,1.09,0,0
2024-02-17 23:54:00,165,2447,2348,1204,171,142,248,20.7,2.18,1.09,1.09,0,0
2024-02-17 23:54:30,165,3468,1699,1043,183,163,286,19.6,1.09,1.09,1.09,0,0
2024-02-17 23:55:00,147,4217,1786,1089,134,133,262,19.6,1.09,1.09,1.09,0,0
2024-02-17 23:55:30,84,4432,3016,1232,194,160,200,0,0,0,0,0,0
2024-02-17 23:56:00,280,3193,3829,1432,194,131,164,0,0,0,0,0,0
2024-02-17 23:56:30,347,3590,3261,1238,166,164,243,0,0,0,0,0,0
2024-02-17 23:57:00,348,4501,2624,1047,177,184,274,0,0,0,0,0,0
2024-02-17 23:57:30,348,5196,2110,874,192,175,307,0,0,0,0,0,0
2024-02-17 23:58:00,20.7,4404,2983,1079,224,159,212,0,0,0,0,0,0
2024-02-17 23:58:30,356,3734,3047,1030,225,164,252,0,0,0,0,0,0
2024-02-17 23:59:00,367,4358,2515,852,221,195,298,0,0,0,0,0,0
2024-02-17 23:59:30,367,4988,2054,709,233,211,317,0,0,0,0,0,0
2024-02-18 00:00:00,228,5458,1596,625,262,200,322,0,0,0,0,0,0
2024-02-18 00:00:30,1.09,3704,2856,1044,269,170,213,0,0,0,0,0,0
2024-02-18 00:01:00,281,3386,2953,1175,248,154,212,2.18,2.18,0,0,0,0
2024-02-18 00:01:30,288,3928,2461,1108,216,179,254,2.18,2.18,0,0,0,0
2024-02-18 00:02:00,288,4793,2048,915,220,197,281,2.18,2.18,0,0,0,0
2024-02-18 00:02:30,212,5534,1775,648,247,212,305,0,1.09,0,0,0,0
2024-02-18 00:03:00,2.18,3852,2954,901,256,187,227,1.09,1.09,0,0,0,0
2024-02-18 00:03:30,344,3446,3015,916,232,181,262,1.09,1.09,0,0,0,0
2024-02-18 00:04:00,361,3997,2543,820,219,199,307,1.09,1.09,0,0,0,0
2024-02-18 00:04:30,361,4721,2027,633,216,205,351,1.09,1.09,0,0,0,0
2024-02-18 00:05:00,228,5318,1649,524,219,203,359,2.18,2.18,0,0,0,0
2024-02-18 00:05:30,2.18,3891,2929,841,251,164,251,2.18,2.18,0,0,0,0
2024-02-18 00:06:00,261,2981,3080,961,243,136,212,9.82,7.64,0,0,0,0
2024-02-18 00:06:30,323,3491,2461,898,211,133,242,17.5,10.9,0,0,0,0
2024-02-18 00:07:00,324,4285,2176,895,200,139,250,15.3,8.73,0,0,0,0
2024-02-18 00:07:30,269,5075,1693,719,224,145,260,15.3,8.73,0,0,0,0
2024-02-18 00:08:00,15.3,4211,2993,965,235,159,212,3.27,2.18,0,0,0,0
2024-02-18 00:08:30,314,3782,3130,1000,229,168,231,0,0,0,0,0,0
2024-02-18 00:09:00,332,4165,2534,823,219,212,266,1.09,0,0,0,0,0
2024-02-18 00:09:30,332,4880,1953,692,214,221,309,1.09,0,0,0,0,0
2024-02-18 00:10:00,197,5476,1625,580,221,238,303,1.09,0,0,0,0,0
2024-02-18 00:10:30,1.09,3976,2861,992,233,193,203,1.09,0,0,0,0,0
2024-02-18 00:11:00,333,3532,2945,1055,233,189,226,0,0,0,0,0,0
2024-02-18 00:11:30,357,3640,2504,1019,180,165,203,26.2,2.18,0,0,0,0
2024-02-18 00:12:00,357,4472,1839,837,184,157,254,28.4,2.18,0,0,0,0
2024-02-18 00:12:30,244,5323,1368,592,189,179,273,28.4,2.18,0,0,0,0
2024-02-18 00:13:00,6.55,4125,2601,871,223,161,200,22.9,1.09,0,0,0,0
2024-02-18 00:13:30,356,4191,2789,967,224,194,241,0,0,0,0,0,0
2024-02-18 00:14:00,367,4536,2511,902,212,206,275,0,0,0,0,0,0
2024-02-18 00:14:30,367,5042,2117,787,238,201,298,0,0,0,0,0,0
2024-02-18 00:15:00,171,5281,1856,665,247,205,322,0,0,0,0,0,0
2024-02-18 00:15:30,1.09,3624,3196,1022,278,172,206,0,0,0,0,0,0
2024-02-18 00:16:00,353,3528,2977,992,241,180,260,0,0,0,0,0,0
2024-02-18 00:16:30,359,4121,2495,896,215,203,305,0,0,0,0,0,0
2024-02-18 00:17:00,359,4893,1959,667,235,227,325,0,0,0,0,0,0
2024-02-18 00:17:30,136,5152,1910,635,245,235,299,0,0,0,0,0,0
2024-02-18 00:18:00,1.09,3612,3247,960,265,191,200,0,0,0,0,0,0
2024-02-18 00:18:30,381,3094,2977,973,241,158,203,19.6,0,0,0,0,0
2024-02-18 00:19:00,412,3779,2411,874,217,182,255,19.6,0,0,0,0,0
2024-02-18 00:19:30,412,3802,1500,613,196,171,248,19.6,0,0,0,0,0
2024-02-18 00:20:00,265,3511,439,245,125,135,197,17.5,0,0,0,0,0
2024-02-18 00:20:30,3.27,1913,375,143,90.5,94.9,92.7,0,0,0,0,0,1.09
2024-02-18 00:21:00,0,204,58.9,19.6,14.2,10.9,14.2,0,0,0,0,0,1.09
2024-02-18 00:21:30,0,0,0,0,0,0,0,0,0,0,0,0,2.18
2024-02-18 00:22:00,0,0,0,0,0,0,0,0,0,0,0,0,2.18
2024-02-18 00:22:30,0,0,0,0,0,0,0,0,0,0,0,0,2.18
2024-02-18 00:23:00,0,0,0,0,0,0,0,0,0,0,0,0,2.18
2024-02-18 00:23:30,0,0,0,0,0,0,0,0,0,0,0,0,2.18
2024-02-18 00:24:00,0,0,0,0,0,0,0,0,0,0,0,0,2.18
2024-02-18 00:24:30,41.5,1761,382,309,28.4,10.9,15.3,0,1.09,0,0,0,2.18
2024-02-18 00:25:00,41.5,3010,1629,948,37.1,10.9,15.3,0,1.09,0,0,0,2.18
2024-02-18 00:25:30,41.5,3544,3077,1652,49.1,10.9,15.3,0,1.09,0,0,0,1.09
2024-02-18 00:26:00,37.1,3600,4562,2461,62.2,12,10.9,0,0,0,0,0,0
2024-02-18 00:26:30,167,3094,4669,2599,70.9,3.27,3.27,0,0,0,0,0,0
2024-02-18 00:27:00,172,3831,4334,2556,90.5,3.27,3.27,0,0,0,0,0,0
2024-02-18 00:27:30,172,4175,4205,2521,104,2.18,3.27,0,0,0,0,0,0
2024-02-18 00:28:00,172,4310,4091,2548,108,3.27,3.27,0,0,0,0,0,0
2024-02-18 00:28:30,223,3893,4090,2554,101,2.18,2.18,1.09,0,0,0,0,0
2024-02-18 00:29:00,224,3337,3209,2508,77.5,6.55,36,8.73,1.09,3.27,0,0,0
2024-02-18 00:29:30,224,3644,2709,2255,77.5,12,61.1,15.3,3.27,3.27,0,0,0
2024-02-18 00:30:00,53.5,3587,2833,2217,69.8,9.82,60,15.3,3.27,3.27,0,0,0
2024-02-18 00:30:30,100,1524,3469,2555,62.2,10.9,58.9,14.2,3.27,3.27,0,0,0
2024-02-18 00:31:00,206,4085,4118,2552,117,2.18,0,0,0,0,0,0,0
2024-02-18 00:31:30,206,4201,3847,2633,134,3.27,0,0,0,0,0,0,0
2024-02-18 00:32:00,206,4262,3747,2651,141,3.27,0,0,0,0,0,0,0
2024-02-18 00:32:30,125,3263,3948,2880,110,3.27,0,0,0,0,0,0,0
2024-02-18 00:33:00,193,3914,3733,2815,133,2.18,0,0,0,0,0,0,0
2024-02-18 00:33:30,233,5317,3480,2565,139,3.27,0,0,0,0,0,0,0
2024-02-18 00:34:00,233,6148,3144,2414,163,2.18,0,0,0,0,0,0,0
2024-02-18 00:34:30,45.8,5075,3346,2520,143,1.09,0,0,0,0,0,0,0
2024-02-18 00:35:00,17.5,2913,3660,2867,139,1.09,1.09,0,0,0,0,0,0
2024-02-18 00:35:30,177,1958,3664,3119,137,2.18,1.09,0,0,0,0,0,0
2024-02-18 00:36:00,211,3377,3443,2930,146,3.27,1.09,0,0,0,0,0,0
2024-02-18 00:36:30,211,3971,3490,2750,151,2.18,0,0,0,0,0,0,0
2024-02-18 00:37:00,211,4169,3343,2572,172,9.82,9.82,1.09,0,0,0,0,0
2024-02-18 00:37:30,54.5,2398,3658,2725,158,9.82,10.9,2.18,0,0,0,0,0
2024-02-18 00:38:00,227,3599,3465,2560,171,8.73,10.9,2.18,0,0,0,0,0
2024-02-18 00:38:30,255,5269,3302,2423,155,3.27,2.18,2.18,0,0,0,0,0
2024-02-18 00:39:00,255,6010,3304,2384,161,1.09,0,0,0,0,0,0,0
2024-02-18 00:39:30,40.4,5157,3418,2463,153,4.36,0,0,0,0,0,0,0
2024-02-18 00:40:00,8.73,3008,3638,2866,142,8.73,0,0,0,0,0,0,0
2024-02-18 00:40:30,155,1817,3421,3181,164,13.1,1.09,0,0,0,0,0,0
2024-02-18 00:41:00,196,3373,3286,2881,157,10.9,1.09,0,0,0,0,0,0
2024-02-18 00:41:30,196,3915,3327,2747,151,14.2,1.09,0,0,0,0,0,0
2024-02-18 00:42:00,196,4175,3338,2764,128,12,2.18,0,0,0,0,0,0
2024-02-18 00:42:30,4.36,2340,2784,3217,84,9.82,13.1,1.09,0,1.09,2.18,0,0
2024-02-18 00:43:00,208,1901,2095,3032,101,21.8,57.8,14.2,0,1.09,2.18,0,0
2024-02-18 00:43:30,272,3796,1726,2767,121,19.6,57.8,14.2,0,1.09,2.18,0,0
2024-02-18 00:44:00,272,4800,2256,2199,129,18.5,56.7,14.2,0,1.09,2.18,0,0
2024-02-18 00:44:30,272,5289,3056,2407,200,16.4,3.27,4.36,0,0,0,0,0
2024-02-18 00:45:00,30.5,3392,3307,2743,187,19.6,1.09,0,0,0,0,0,0
2024-02-18 00:45:30,140,1932,3025,3047,214,32.7,2.18,0,0,0,0,0,0
2024-02-18 00:46:00,182,3512,2647,2851,208,32.7,2.18,0,0,0,0,0,0
2024-02-18 00:46:30,182,4032,3141,2711,171,17.5,1.09,0,0,0,0,0,0
2024-02-18 00:47:00,182,4280,3280,2583,171,19.6,2.18,0,0,0,0,0,0
2024-02-18 00:47:30,2.18,2607,3423,2904,171,18.5,1.09,0,0,0,0,0,0
2024-02-18 00:48:00,200,3136,2968,2852,180,21.8,12,2.18,0,0,0,0,0
2024-02-18 00:48:30,225,4868,2749,2608,163,19.6,12,2.18,0,0,0,0,0
2024-02-18 00:49:00,225,5727,3099,2377,132,13.1,10.9,2.18,0,0,0,0,0
2024-02-18 00:49:30,55.6,5179,3434,2308,143,14.2,12,2.18,0,0,0,0,0
2024-02-18 00:50:00,6.55,2981,3657,2715,183,14.2,3.27,0,0,0,0,0,0
2024-02-18 00:50:30,84,1356,3418,3026,225,18.5,4.36,0,0,0,0,0,0
2024-02-18 00:51:00,160,3196,2905,2700,267,18.5,4.36,0,0,0,0,0,0
2024-02-18 00:51:30,160,3879,3304,2452,232,10.9,2.18,0,0,0,0,0,0
2024-02-18 00:52:00,160,4248,3543,2373,205,9.82,2.18,0,0,0,0,0,0
2024-02-18 00:52:30,3.27,2875,3754,2551,197,14.2,2.18,0,0,0,0,0,0
2024-02-18 00:53:00,230,3415,3469,2582,225,15.3,3.27,0,0,0,0,0,0
2024-02-18 00:53:30,255,4675,2932,2384,237,15.3,12,3.27,0,0,0,0,0
2024-02-18 00:54:00,255,5507,3194,2232,195,6.55,9.82,3.27,0,0,0,0,0
2024-02-18 00:54:30,64.4,5193,3773,2225,137,0,8.73,3.27,0,0,0,0,0
2024-02-18 00:55:00,15.3,2999,4059,2656,141,5.45,3.27,1.09,0,0,0,0,0
2024-02-18 00:55:30,57.8,1329,3868,2991,173,16.4,1.09,0,0,0,0,0,0
2024-02-18 00:56:00,172,2966,3252,2812,204,18.5,1.09,0,0,0,0,0,0
2024-02-18 00:56:30,172,3790,3098,2703,199,19.6,1.09,0,0,0,0,0,0
2024-02-18 00:57:00,172,4046,3505,2637,156,14.2,1.09,0,0,0,0,0,0
2024-02-18 00:57:30,0,2889,3782,2837,144,8.73,2.18,0,0,0,0,0,0
2024-02-18 00:58:00,165,3420,3571,2804,163,6.55,3.27,0,0,0,0,0,0
2024-02-18 00:58:30,182,4497,3092,2520,199,9.82,5.45,2.18,2.18,0,0,0,0
2024-02-18 00:59:00,182,5479,3166,2273,199,9.82,4.36,2.18,2.18,0,0,0,0
2024-02-18 00:59:30,42.5,5045,3646,2335,136,4.36,2.18,2.18,2.18,0,0,0,0
2024-02-18 01:00:00,5.45,2831,4057,2794,105,5.45,1.09,0,1.09,0,0,0,0
2024-02-18 01:00:30,127,1504,3840,3244,111,6.55,2.18,0,0,0,0,0,0
2024-02-18 01:01:00,196,3077,3408,3055,124,6.55,2.18,0,0,0,0,0,0
2024-02-18 01:01:30,196,3748,3334,2923,125,5.45,2.18,0,0,0,0,0,0
2024-02-18 01:02:00,196,4011,3503,2820,127,4.36,2.18,0,0,0,0,0,0
2024-02-18 01:02:30,7.64,2552,3763,3093,110,1.09,0,0,0,0,0,0,0
2024-02-18 01:03:00,229,3394,3517,3004,127,1.09,0,0,0,0,0,0,0
2024-02-18 01:03:30,240,4557,3064,2684,151,12,9.82,2.18,0,0,0,0,0
2024-02-18 01:04:00,240,5595,3083,2379,147,12,9.82,2.18,0,0,0,0,0
2024-02-18 01:04:30,25.1,4872,3715,2331,110,10.9,9.82,2.18,0,0,0,0,0
2024-02-18 01:05:00,2.18,2726,3872,2843,94.9,9.82,9.82,2.18,0,0,0,0,0
2024-02-18 01:05:30,115,1699,3876,3295,91.6,0,0,0,0,0,0,0,0
2024-02-18 01:06:00,167,3311,3436,3120,121,1.09,0,0,0,0,0,0,0
2024-02-18 01:06:30,167,3831,3469,2921,131,1.09,0,0,0,0,0,0,0
2024-02-18 01:07:00,167,4069,3817,2707,118,1.09,0,0,0,0,0,0,0
2024-02-18 01:07:30,147,3122,4101,2813,115,2.18,0,0,0,0,0,0,0
2024-02-18 01:08:00,187,3779,3903,2635,133,1.09,0,0,0,0,0,0,0
2024-02-18 01:08:30,201,4778,3346,2271,160,13.1,13.1,2.18,0,0,0,0,0
2024-02-18 01:09:00,201,5743,3338,1984,176,13.1,13.1,2.18,0,0,0,0,0
2024-02-18 01:09:30,16.4,4415,3883,2119,129,13.1,13.1,2.18,0,0,0,0,0
2024-02-18 01:10:00,3.27,2540,4039,2677,96,12,12,2.18,0,0,0,0,0
2024-02-18 01:10:30,25.1,1155,4005,3344,79.6,2.18,0,0,0,0,0,0,0
2024-02-18 01:11:00,180,3099,3424,3068,123,1.09,0,0,0,0,0,0,0
2024-02-18 01:11:30,180,3914,3374,2858,136,1.09,0,0,0,0,0,0,0
2024-02-18 01:12:00,180,4175,3552,2716,143,1.09,0,0,0,0,0,0,0
2024-02-18 01:12:30,12,2978,4046,2827,109,5.45,0,0,0,0,0,0,0
2024-02-18 01:13:00,188,3554,3787,2866,110,6.55,1.09,0,0,0,0,0,0
2024-02-18 01:13:30,208,4885,3509,2627,131,9.82,1.09,0,0,0,0,0,0
2024-02-18 01:14:00,208,5167,2914,2965,125,8.73,1.09,0,0,0,0,0,0
2024-02-18 01:14:30,44.7,4315,2261,2416,89.5,8.73,63.3,20.7,0,2.18,1.09,0,0
2024-02-18 01:15:00,7.64,2225,2618,2681,60,7.64,63.3,21.8,0,2.18,1.09,0,0
2024-02-18 01:15:30,0,479,2691,3118,41.5,6.55,63.3,21.8,0,2.18,1.09,0,0
2024-02-18 01:16:00,151,1131,3116,2846,104,8.73,55.6,17.5,0,0,0,0,0
2024-02-18 01:16:30,192,3226,3304,2909,152,6.55,0,1.09,0,0,0,0,0
2024-02-18 01:17:00,192,3957,3344,2782,157,4.36,0,0,0,0,0,0,0
2024-02-18 01:17:30,192,4174,3519,2595,148,5.45,0,0,0,0,0,0,0
2024-02-18 01:18:00,30.5,2569,3931,2743,131,8.73,1.09,1.09,0,0,0,0,0
2024-02-18 01:18:30,269,3651,3600,2593,168,8.73,1.09,1.09,0,0,0,0,0
2024-02-18 01:19:00,269,4186,3537,2387,189,8.73,1.09,1.09,0,0,0,0,0
2024-02-18 01:19:30,269,4450,3723,2392,176,7.64,1.09,0,0,0,0,0,0
2024-02-18 01:20:00,29.5,3326,3900,2707,131,4.36,1.09,0,0,0,0,0,0
2024-02-18 01:20:30,172,1684,3556,3130,152,13.1,4.36,0,0,0,0,0,0
2024-02-18 01:21:00,172,851,2464,4151,130,13.1,4.36,0,0,0,0,0,0
2024-02-18 01:21:30,172,953,1383,3446,123,26.2,62.2,16.4,1.09,1.09,2.18,0,0
2024-02-18 01:22:00,172,2097,1832,3087,89.5,18.5,61.1,16.4,1.09,1.09,2.18,0,0
2024-02-18 01:22:30,0,1921,2686,2834,48,14.2,57.8,16.4,1.09,1.09,2.18,0,0
2024-02-18 01:23:00,0,1995,3377,2446,123,29.5,56.7,16.4,1.09,0,0,0,0
2024-02-18 01:23:30,1.09,2561,3921,2769,135,18.5,4.36,0,0,0,0,0,0
2024-02-18 01:24:00,1.09,2501,3912,2793,135,18.5,4.36,0,0,0,0,0,0
2024-02-18 01:24:30,1.09,2471,4141,2746,123,16.4,4.36,0,0,0,0,0,0
2024-02-18 01:25:00,0,2150,4080,2986,115,1.09,0,0,0,0,0,0,0
2024-02-18 01:25:30,0,646,3511,3268,176,21.8,2.18,0,0,0,0,0,0
2024-02-18 01:26:00,242,2217,2747,3149,231,21.8,3.27,0,0,0,0,0,0
2024-02-18 01:26:30,243,2820,2055,2627,274,42.5,6.55,1.09,0,0,0,0,0
2024-02-18 01:27:00,243,2964,1802,2079,280,89.5,60,1.09,0,0,0,0,0
2024-02-18 01:27:30,206,3012,1536,1496,277,125,129,2.18,0,0,0,0,0
2024-02-18 01:28:00,25.1,1245,1136,1316,302,187,178,2.18,1.09,0,0,0,0
2024-02-18 01:28:30,24,1629,1211,1419,316,203,192,1.09,1.09,0,0,0,0
2024-02-18 01:29:00,24,1759,1219,1501,349,209,164,1.09,1.09,0,0,0,0
2024-02-18 01:29:30,0,1322,1366,1643,345,215,163,3.27,0,0,0,0,0
2024-02-18 01:30:00,30.5,1384,1306,1519,344,209,179,4.36,0,0,0,0,0
2024-02-18 01:30:30,30.5,1317,1193,1384,319,220,206,5.45,0,0,0,0,0
2024-02-18 01:31:00,30.5,1297,1244,1472,332,239,180,4.36,0,0,0,0,0
2024-02-18 01:31:30,43.6,2146,1185,1501,362,251,148,1.09,0,0,0,0,0
2024-02-18 01:32:00,13.1,1415,1118,1427,299,214,155,3.27,12,1.09,0,0,0
2024-02-18 01:32:30,13.1,1178,891,1103,233,164,179,27.3,25.1,1.09,0,0,0
2024-02-18 01:33:00,2.18,982,656,718,135,120,241,53.5,32.7,1.09,0,0,0
2024-02-18 01:33:30,0,272,372,279,64.4,45.8,271,66.5,41.5,10.9,0,0,0
2024-02-18 01:34:00,0,218,277,191,56.7,42.5,239,57.8,21.8,33.8,0,0,0
2024-02-18 01:34:30,0,217,178,119,56.7,29.5,167,33.8,20.7,53.5,0,0,0
2024-02-18 01:35:00,0,239,73.1,70.9,52.4,19.6,84,7.64,14.2,78.5,0,0,0
2024-02-18 01:35:30,0,212,65.5,79.6,56.7,20.7,78.5,5.45,12,80.7,0,0,0
2024-02-18 01:36:00,0,214,69.8,73.1,48,17.5,81.8,6.55,9.82,81.8,0,0,0
2024-02-18 01:36:30,0,196,68.7,54.5,37.1,13.1,101,12,19.6,70.9,0,0,0
2024-02-18 01:37:00,0,206,68.7,56.7,29.5,15.3,98.2,12,19.6,70.9,0,0,0
2024-02-18 01:37:30,0,184,74.2,39.3,22.9,10.9,119,29.5,38.2,55.6,0,0,0
2024-02-18 01:38:00,0,167,72.0,39.3,25.1,9.82,127,39.3,49.1,44.7,0,0,0
2024-02-18 01:38:30,12,167,69.8,41.5,24.0,7.64,124,30.5,40.4,54.5,0,0,0
2024-02-18 01:39:00,17.5,178,54.5,43.6,30.5,3.27,117,24,37.1,57.8,0,0,0
2024-02-18 01:39:30,20.7,206,34.9,45.8,31.6,4.36,107,18.5,28.4,65.5,0,0,0
2024-02-18 01:40:00,16.4,244,8.73,30.5,20.7,3.27,118,20.7,32.7,62.2,0,0,0
2024-02-18 01:40:30,4.36,239,8.73,33.8,24,6.55,118,34.9,40.4,52.4,0,0,0
2024-02-18 01:41:00,3.27,220,10.9,27.3,13.1,7.64,139,43.6,51.3,42.5,0,0,0
2024-02-18 01:41:30,0,244,16.4,32.7,14.2,9.82,122,27.3,32.7,58.9,0,0,0
2024-02-18 01:42:00,0,237,25.1,29.5,15.3,9.82,122,27.3,32.7,58.9,0,0,0
2024-02-18 01:42:30,0,248,31.6,52.4,31.6,14.2,98.2,5.45,14.2,77.5,0,0,0
2024-02-18 01:43:00,0,247,32.7,61.1,39.3,15.3,86.2,9.82,16.4,76.4,0,0,0
2024-02-18 01:43:30,1.09,207,30.5,55.6,33.8,13.1,111,28.4,37.1,56.7,0,0,0
2024-02-18 01:44:00,1.09,184,16.4,38.2,20.7,7.64,147,48,67.6,31.6,0,0,0
2024-02-18 01:44:30,1.09,177,12,16.4,8.73,4.36,166,63.3,88.4,13.1,1.09,0,0
2024-02-18 01:45:00,1.09,169,9.82,0,0,0,181,68.7,111,0,1.09,0,0
2024-02-18 01:45:30,0,168,13.1,0,0,0,184,66.5,109,0,1.09,0,0
2024-02-18 01:46:00,0,176,25.1,26.2,16.4,4.36,156,49.1,80.7,20.7,1.09,0,0
2024-02-18 01:46:30,0,170,36,36,18.5,9.82,144,44.7,69.8,29.5,1.09,0,0
2024-02-18 01:47:00,0,187,36,56.7,37.1,17.5,119,25.1,43.6,51.3,1.09,0,0
2024-02-18 01:47:30,0,212,45.8,55.6,36,17.5,97.1,13.1,21.8,69.8,1.09,0,0
2024-02-18 01:48:00,0,224,48,41.5,42.5,14.2,96.0,10.9,19.6,72.0,1.09,0,0
2024-02-18 01:48:30,0,232,57.8,60.0,57.8,19.6,66.5,1.09,2.18,89.5,0,0,0
2024-02-18 01:49:00,0,238,60,62.2,51.3,16.4,64.4,0,2.18,89.5,0,0,0
2024-02-18 01:49:30,0,225,41.5,69.8,63.3,14.2,64.4,4.36,5.45,81.8,1.09,0,0
2024-02-18 01:50:00,0,240,30.5,68.7,49.1,12,70.9,4.36,5.45,81.8,1.09,0,0
2024-02-18 01:50:30,0,247,36.0,61.1,52.4,7.64,75.3,6.55,4.36,82.9,1.09,0,0
2024-02-18 01:51:00,0,255,42.5,57.8,61.1,9.82,72,2.18,3.27,88.4,0,0,0
2024-02-18 01:51:30,0,254,51.3,54.5,50.2,7.64,76.4,2.18,3.27,88.4,0,0,0
2024-02-18 01:52:00,0,209,57.8,45.8,37.1,7.64,107,19.6,28.4,67.6,0,0,0
2024-02-18 01:52:30,0,191,56.7,31.6,24,6.55,124,30.5,43.6,50.2,1.09,0,0
2024-02-18 01:53:00,0,180,65.5,32.7,20.7,10.9,122,30.5,42.5,51.3,1.09,0,0
2024-02-18 01:53:30,0,181,65.5,42.5,30.5,12,112,26.2,39.3,54.5,1.09,0,0
2024-02-18 01:54:00,0,193,67.6,49.1,40.4,15.3,101,7.64,22.9,67.6,1.09,0,0
2024-02-18 01:54:30,0,188,68.7,54.5,41.5,21.8,98.2,5.45,20.7,70.9,0,0,0
2024-02-18 01:55:00,0,204,62.2,46.9,27.3,20.7,106,5.45,20.7,72.0,0,0,0
2024-02-18 01:55:30,0,211,63.3,46.9,22.9,21.8,104,4.36,20.7,72,0,0,0
2024-02-18 01:56:00,0,227,67.6,48,25.1,19.6,89.5,3.27,9.82,82.9,0,0,0
2024-02-18 01:56:30,0,196,73.1,43.6,19.6,17.5,107,15.3,32.7,66.5,0,0,0
2024-02-18 01:57:00,0,164,69.8,27.3,12,12,136,39.3,57.8,42.5,0,0,0
2024-02-18 01:57:30,0,124,68.7,19.6,9.82,6.55,166,56.7,88.4,19.6,0,0,0
2024-02-18 01:58:00,0,115,73.1,21.8,4.36,10.9,166,58.9,92.7,14.2,0,0,0
2024-02-18 01:58:30,1.09,121,63.3,25.1,7.64,10.9,166,55.6,85.1,14.2,1.09,0,0
2024-02-18 01:59:00,4.36,142,44.7,29.5,9.82,12,163,51.3,77.5,20.7,1.09,0,0
2024-02-18 01:59:30,5.45,169,26.2,28.4,13.1,16.4,157,50.2,67.6,26.2,1.09,0,0
2024-02-18 02:00:00,5.45,207,9.82,28.4,18.5,10.9,149,38.2,57.8,36,1.09,0,0
2024-02-18 02:00:30,1.09,219,14.2,26.2,15.3,10.9,143,31.6,51.3,41.5,1.09,0,0
2024-02-18 02:01:00,0,239,19.6,50.2,39.3,20.7,106,9.82,22.9,66.5,1.09,0,0
2024-02-18 02:01:30,0,241,20.7,65.5,62.2,15.3,80.7,3.27,10.9,77.5,1.09,0,0
2024-02-18 02:02:00,0,232,27.3,72,67.6,21.8,78.5,2.18,8.73,79.6,1.09,0,0
2024-02-18 02:02:30,0,240,29.5,78.5,68.7,26.2,62.2,0,2.18,87.3,1.09,0,0
2024-02-18 02:03:00,0,225,39.3,75.3,66.5,21.8,72,1.09,3.27,86.2,1.09,0,0
2024-02-18 02:03:30,1.09,227,34.9,79.6,60,27.3,70.9,1.09,4.36,85.1,1.09,0,0
2024-02-18 02:04:00,1.09,215,26.2,76.4,62.2,20.7,85.1,12,16.4,73.1,1.09,0,0
2024-02-18 02:04:30,1.09,208,25.1,74.2,54.5,18.5,99.3,13.1,24,65.5,1.09,0,0
2024-02-18 02:05:00,0,226,17.5,77.5,53.5,22.9,84,12,22.9,66.5,1.09,0,0
2024-02-18 02:05:30,0,223,27.3,78.5,54.5,27.3,78.5,12,20.7,68.7,1.09,0,0
2024-02-18 02:06:00,0,243,36,84,54.5,30.5,51.3,0,3.27,86.2,1.09,0,0
2024-02-18 02:06:30,0,252,42.5,64.4,44.7,21.8,62.2,0,1.09,88.4,1.09,0,0
2024-02-18 02:07:00,0,238,43.6,44.7,37.1,14.2,84,10.9,17.5,75.3,1.09,0,0
2024-02-18 02:07:30,0,204,45.8,21.8,16.4,5.45,123,34.9,43.6,50.2,1.09,0,0
2024-02-18 02:08:00,0,170,61.1,21.8,17.5,4.36,136,40.4,53.5,40.4,1.09,0,0
2024-02-18 02:08:30,0,163,60,31.6,32.7,10.9,124,40.4,53.5,40.4,0,0,0
2024-02-18 02:09:00,0,122,48.0,28.4,28.4,10.9,79.6,21.8,27.3,38.2,0,0,0
2024-02-18 02:09:30,0,91.6,27.3,27.3,28.4,10.9,28.4,0,2.18,37.1,0,0,1.09
2024-02-18 02:10:00,0,40.4,3.27,8.73,10.9,4.36,7.64,0,0,14.2,0,0,1.09
2024-02-18 02:10:30,0,0,0,0,0,0,0,0,0,0,0,0,2.18
2024-02-18 02:11:00,0,0,0,0,0,0,0,0,0,0,0,0,2.18
2024-02-18 02:11:30,0,0,0,0,0,0,0,0,0,0,0,0,1.09
2024-02-18 02:12:00,0,0,0,0,0,0,0,0,0,0,0,0,2.18
2024-02-18 02:12:30,0,0,0,0,0,0,0,0,0,0,0,0,1.09
2024-02-18 02:13:00,0,0,0,0,0,0,0,0,0,0,0,0,2.18
2024-02-18 02:13:30,0,6.55,1.09,5.45,0,1.09,4.36,0,1.09,0,0,0,2.18
2024-02-18 02:14:00,0,427,123,124,21.8,38.2,195,3.27,1.09,0,0,0,2.18
2024-02-18 02:14:30,0,729,341,278,45.8,99.3,364,3.27,1.09,0,0,0,1.09
2024-02-18 02:15:00,0,890,643,481,75.3,173,516,3.27,1.09,0,0,0,1.09
2024-02-18 02:15:30,0,767,970,661,101,225,587,1.09,1.09,0,0,0,0
2024-02-18 02:16:00,0,404,1162,768,111,266,499,2.18,2.18,0,1.09,0,0
2024-02-18 02:16:30,29.5,555,1003,719,101,260,525,2.18,2.18,0,1.09,0,0
2024-02-18 02:17:00,29.5,869,784,628,76.4,233,569,3.27,4.36,0,1.09,0,0
2024-02-18 02:17:30,29.5,1147,656,597,72,216,636,1.09,2.18,0,0,0,0
2024-02-18 02:18:00,6.55,1196,592,466,61.1,153,583,18.5,8.73,0,1.09,0,0
2024-02-18 02:18:30,0,1096,682,444,79.6,133,552,28.4,8.73,0,1.09,0,0
2024-02-18 02:19:00,0,1052,728,458,82.9,127,550,28.4,8.73,0,1.09,0,0
2024-02-18 02:19:30,0,1022,828,507,84,141,583,24,7.64,0,0,0,0
2024-02-18 02:20:00,0,869,937,614,84,190,624,6.55,2.18,0,0,0,0
2024-02-18 02:20:30,0,464,1195,771,98.2,220,589,1.09,0,0,0,0,0
2024-02-18 02:21:00,45.8,531,1083,779,93.8,223,598,1.09,0,0,0,0,0
2024-02-18 02:21:30,45.8,833,875,709,73.1,206,646,0,0,0,0,0,0
2024-02-18 02:22:00,45.8,1090,646,549,58.9,175,657,1.09,2.18,0,1.09,0,0
2024-02-18 02:22:30,21.8,1246,622,455,48,178,674,1.09,2.18,0,1.09,0,0
2024-02-18 02:23:00,0,816,924,556,68.7,199,601,3.27,3.27,0,1.09,0,0
2024-02-18 02:23:30,0,768,985,585,85.1,189,579,10.9,3.27,0,1.09,0,0
2024-02-18 02:24:00,0,773,965,595,82.9,199,581,13.1,3.27,0,0,0,0
2024-02-18 02:24:30,0,785,959,590,91.6,197,575,13.1,3.27,0,0,0,0
2024-02-18 02:25:00,0,755,1006,623,84,217,595,5.45,2.18,0,0,0,0
2024-02-18 02:25:30,0,363,1239,789,113,256,528,3.27,1.09,0,0,0,0
2024-02-18 02:26:00,39.3,405,1126,764,112,229,536,1.09,2.18,0,1.09,0,0
2024-02-18 02:26:30,41.5,753,838,701,97.1,199,590,1.09,2.18,0,1.09,0,0
2024-02-18 02:27:00,41.5,1081,617,580,76.4,175,644,1.09,2.18,0,1.09,0,0
2024-02-18 02:27:30,18.5,1241,603,479,51.3,164,681,1.09,2.18,0,1.09,0,0
2024-02-18 02:28:00,2.18,891,849,567,66.5,196,613,1.09,1.09,0,1.09,0,0
2024-02-18 02:28:30,0,795,934,575,70.9,182,619,1.09,1.09,0,1.09,0,0
2024-02-18 02:29:00,0,808,913,573,66.5,203,608,1.09,1.09,0,1.09,0,0
2024-02-18 02:29:30,0,777,928,588,78.5,214,589,1.09,1.09,0,1.09,0,0
2024-02-18 02:30:00,0,748,961,624,67.6,226,593,3.27,0,0,1.09,0,0
2024-02-18 02:30:30,0,353,1168,807,98.2,256,512,5.45,0,0,1.09,0,0
2024-02-18 02:31:00,31.6,439,1067,784,103,237,539,5.45,0,0,1.09,0,0
2024-02-18 02:31:30,31.6,787,809,701,78.5,206,600,5.45,0,0,1.09,0,0
2024-02-18 02:32:00,31.6,1053,635,615,70.9,195,633,1.09,0,1.09,1.09,0,0
2024-02-18 02:32:30,26.2,1163,663,509,48,182,668,1.09,0,1.09,1.09,0,0
2024-02-18 02:33:00,0,745,1009,595,86.2,219,588,1.09,0,1.09,1.09,0,0
2024-02-18 02:33:30,0,657,1056,596,109,217,519,15.3,1.09,1.09,1.09,0,0
2024-02-18 02:34:00,0,709,1041,602,107,231,528,16.4,1.09,1.09,0,0,0
2024-02-18 02:34:30,0,823,939,567,98.2,196,555,17.5,2.18,1.09,0,0,0
2024-02-18 02:35:00,0,801,947,588,88.4,235,541,14.2,2.18,1.09,0,0,0
2024-02-18 02:35:30,0,413,1183,760,107,251,528,3.27,1.09,1.09,0,0,0
2024-02-18 02:36:00,43.6,489,1111,783,105,263,560,0,0,0,0,0,0
2024-02-18 02:36:30,44.7,725,867,695,110,221,585,0,1.09,0,1.09,0,0
2024-02-18 02:37:00,44.7,1069,633,591,80.7,182,652,0,1.09,0,1.09,0,0
2024-02-18 02:37:30,36,1260,587,473,65.5,175,682,0,1.09,0,1.09,0,0
2024-02-18 02:38:00,0,908,945,595,88.4,215,635,0,0,0,0,0,0
2024-02-18 02:38:30,0,780,961,577,92.7,205,598,2.18,0,1.09,1.09,0,0
2024-02-18 02:39:00,0,766,991,576,81.8,219,596,2.18,0,1.09,1.09,0,0
2024-02-18 02:39:30,0,827,936,587,79.6,229,587,2.18,0,1.09,1.09,0,0
2024-02-18 02:40:00,0,796,1009,668,81.8,260,591,0,0,0,0,0,0
2024-02-18 02:40:30,0,429,1163,732,100,267,512,0,2.18,0,1.09,0,0
2024-02-18 02:41:00,27.3,459,1063,764,103,268,517,0,2.18,0,1.09,0,0
2024-02-18 02:41:30,27.3,765,857,667,75.3,227,588,0,2.18,0,1.09,0,0
2024-02-18 02:42:00,27.3,1073,724,598,62.2,203,667,0,2.18,0,0,0,0
2024-02-18 02:42:30,18.5,1271,540,489,45.8,171,680,2.18,1.09,0,1.09,0,0
2024-02-18 02:43:00,0,868,879,567,56.7,217,609,2.18,1.09,0,1.09,0,0
2024-02-18 02:43:30,0,778,945,591,65.5,223,593,2.18,1.09,0,1.09,0,0
2024-02-18 02:44:00,0,784,987,581,79.6,232,591,1.09,1.09,0,1.09,0,0
2024-02-18 02:44:30,0,787,974,572,74.2,227,593,2.18,1.09,0,1.09,0,0
2024-02-18 02:45:00,0,772,976,583,82.9,221,588,2.18,1.09,0,1.09,0,0
2024-02-18 02:45:30,0,415,1195,723,94.9,225,545,2.18,1.09,0,1.09,0,0
2024-02-18 02:46:00,33.8,489,1066,747,88.4,190,585,2.18,1.09,0,1.09,0,0
2024-02-18 02:46:30,33.8,752,873,679,79.6,165,625,1.09,0,1.09,1.09,0,0
2024-02-18 02:47:00,33.8,1079,651,559,76.4,158,660,1.09,0,1.09,1.09,0,0
2024-02-18 02:47:30,24,1292,559,451,57.8,182,674,1.09,0,1.09,1.09,0,0
2024-02-18 02:48:00,0,865,884,562,80.7,224,599,1.09,0,1.09,1.09,0,0
2024-02-18 02:48:30,0,751,962,622,85.1,228,581,3.27,0,0,1.09,0,0
2024-02-18 02:49:00,0,766,971,581,80.7,221,591,3.27,0,0,1.09,0,0
2024-02-18 02:49:30,0,784,921,567,85.1,207,575,9.82,0,0,1.09,0,0
2024-02-18 02:50:00,0,763,937,567,89.5,180,595,9.82,0,0,1.09,0,0
2024-02-18 02:50:30,0,443,1124,732,120,219,533,8.73,2.18,0,0,0,0
2024-02-18 02:51:00,37.1,393,1073,819,116,215,538,8.73,2.18,0,0,0,0
2024-02-18 02:51:30,40.4,719,866,749,97.1,209,593,2.18,2.18,0,0,0,0
2024-02-18 02:52:00,40.4,1058,645,632,76.4,190,638,2.18,2.18,0,0,0,0
2024-02-18 02:52:30,40.4,1251,521,515,54.5,172,669,0,1.09,0,1.09,0,0
2024-02-18 02:53:00,0,944,829,545,76.4,212,601,1.09,1.09,0,1.09,0,0
2024-02-18 02:53:30,0,819,887,559,82.9,203,494,16.4,10.9,0,1.09,0,0
2024-02-18 02:54:00,0,821,890,550,88.4,196,500,16.4,10.9,0,1.09,0,0
2024-02-18 02:54:30,0,840,975,567,93.8,188,543,15.3,9.82,0,0,0,0
2024-02-18 02:55:00,0,752,598,398,67.6,120,413,13.1,9.82,0,0,0,0
2024-02-18 02:55:30,0,363,471,288,52.4,103,285,0,1.09,0,0,0,0
2024-02-18 02:56:00,0,91.6,237,129,24,54.5,107,0,1.09,0,0,0,1.09
2024-02-18 02:56:30,0,0,0,0,0,0,0,0,0,0,0,0,1.09
2024-02-18 02:57:00,0,0,0,0,0,0,0,0,0,0,0,0,2.18
2024-02-18 02:57:30,0,0,0,0,0,0,0,0,0,0,0,0,1.09
2024-02-18 02:58:00,0,0,0,0,0,0,0,0,0,0,0,0,2.18
2024-02-18 02:58:30,0,0,0,0,0,0,0,0,0,0,0,0,1.09
2024-02-18 02:59:00,0,0,0,0,0,0,0,0,0,0,0,0,2.18
2024-02-18 02:59:30,0,0,0,0,0,0,0,0,0,0,0,0,1.09
2024-02-18 03:00:00,28.4,871,154,176,66.5,46.9,101,1.09,1.09,0,0,0,2.18
2024-02-18 03:00:30,28.4,1391,593,581,146,106,156,1.09,1.09,0,0,0,1.09
2024-02-18 03:01:00,28.4,1574,1058,1199,251,143,187,1.09,1.09,0,0,0,1.09
2024-02-18 03:01:30,7.64,1909,1365,1591,331,168,217,0,0,0,0,0,0
2024-02-18 03:02:00,0,1004,1111,1889,359,132,120,0,0,1.09,1.09,0,0
2024-02-18 03:02:30,0,660,819,1815,348,90.5,92.7,22.9,7.64,1.09,2.18,0,0
2024-02-18 03:03:00,30.5,644,710,1879,358,93.8,89.5,22.9,7.64,1.09,2.18,0,0
2024-02-18 03:03:30,42.5,1360,671,1524,319,118,168,22.9,7.64,1.09,2.18,0,0
2024-02-18 03:04:00,42.5,1700,1131,1771,370,147,187,5.45,2.18,0,0,0,0
2024-02-18 03:04:30,50.2,1756,1082,1829,395,161,178,0,0,0,0,0,0
2024-02-18 03:05:00,49.1,1276,961,1438,300,127,100,4.36,1.09,0,0,0,0
2024-02-18 03:05:30,52.4,1160,883,1438,283,137,39.3,6.55,3.27,0,0,0,0
2024-02-18 03:06:00,52.4,1276,886,1370,288,134,52.4,6.55,3.27,0,0,0,0
2024-02-18 03:06:30,31.6,1445,1202,1471,351,140,60,6.55,2.18,0,0,0,0
2024-02-18 03:07:00,0,1321,1568,2026,446,202,69.8,1.09,0,0,0,0,0
2024-02-18 03:07:30,0,641,1572,2282,491,182,41.5,0,0,0,0,0,0
2024-02-18 03:08:00,0,521,1129,2397,476,166,37.1,0,0,0,0,0,0
2024-02-18 03:08:30,0,120,682,2201,399,129,29.5,12,2.18,1.09,2.18,0,0
2024-02-18 03:09:00,6.55,170,291,1593,305,69.8,25.1,21.8,12,1.09,2.18,0,0
2024-02-18 03:09:30,16.4,424,43.6,875,175,28.4,21.8,21.8,12,1.09,2.18,0,0
2024-02-18 03:10:00,25.1,608,54.5,171,56.7,17.5,16.4,21.8,12,1.09,2.18,0,0
2024-02-18 03:10:30,25.1,993,367,412,96,60,43.6,1.09,2.18,0,0,0,0
2024-02-18 03:11:00,16.4,821,766,943,201,122,68.7,1.09,0,0,0,0,0
2024-02-18 03:11:30,44.7,1297,977,1289,284,169,106,2.18,0,0,0,0,0
2024-02-18 03:12:00,38.2,1572,1232,1598,355,215,147,2.18,0,0,0,0,0
2024-02-18 03:12:30,38.2,1317,1247,1705,373,207,132,2.18,0,0,0,0,0
2024-02-18 03:13:00,38.2,1709,1327,1699,382,200,120,2.18,0,0,0,0,0
2024-02-18 03:13:30,32.7,1678,1378,1779,399,202,121,3.27,0,0,0,0,0
2024-02-18 03:14:00,32.7,1687,1380,1797,392,207,112,3.27,0,0,0,0,0
2024-02-18 03:14:30,32.7,1647,1352,1720,393,228,115,3.27,0,0,0,0,0
2024-02-18 03:15:00,7.64,1332,1137,1885,424,204,85.1,1.09,0,0,0,0,0
2024-02-18 03:15:30,0,495,868,2091,436,153,38.2,0,0,1.09,1.09,0,0
2024-02-18 03:16:00,0,307,640,1821,376,125,42.5,19.6,8.73,2.18,2.18,0,0
2024-02-18 03:16:30,0,19.6,528,1756,353,135,72,19.6,8.73,2.18,2.18,0,0
2024-02-18 03:17:00,16.4,838,809,1474,325,170,103,20.7,8.73,2.18,2.18,0,0
2024-02-18 03:17:30,16.4,1233,1108,1504,356,229,160,7.64,2.18,1.09,0,0,0
2024-02-18 03:18:00,16.4,1256,1164,1561,363,240,168,3.27,0,0,0,0,0
2024-02-18 03:18:30,45.8,1994,1222,1448,362,236,167,4.36,0,0,0,0,0
2024-02-18 03:19:00,40.4,1556,1301,1477,364,239,169,2.18,0,0,0,0,0
2024-02-18 03:19:30,40.4,1377,1330,1464,356,244,172,3.27,0,0,0,0,0
2024-02-18 03:20:00,7.64,1427,1402,1593,380,214,152,1.09,1.09,0,0,0,0
2024-02-18 03:20:30,0,734,1452,1742,395,211,136,1.09,1.09,0,0,0,0
2024-02-18 03:21:00,0,502,1332,1826,412,209,129,1.09,1.09,0,0,0,0
2024-02-18 03:21:30,45.8,1190,1204,1846,420,204,121,0,0,0,0,0,0
2024-02-18 03:22:00,45.8,1339,1057,1612,349,209,175,4.36,0,0,0,0,0
2024-02-18 03:22:30,45.8,1341,1161,1459,312,216,204,4.36,0,0,0,0,0
2024-02-18 03:23:00,3.27,1608,1340,1394,301,209,207,4.36,0,0,0,0,0
2024-02-18 03:23:30,42.5,1660,1381,1431,327,231,182,3.27,0,0,0,0,0
2024-02-18 03:24:00,42.5,1726,1309,1409,328,244,181,3.27,0,0,0,0,0
2024-02-18 03:24:30,42.5,1606,1246,1439,347,253,163,3.27,1.09,0,0,0,0
2024-02-18 03:25:00,10.9,1525,1245,1438,388,238,156,2.18,1.09,0,0,0,0
2024-02-18 03:25:30,0,796,1420,1531,392,220,157,2.18,1.09,0,0,0,0
2024-02-18 03:26:00,0,564,1479,1603,433,218,149,0,0,0,0,0,0
2024-02-18 03:26:30,26.2,1106,1358,1575,427,208,160,0,0,0,0,0,0
2024-02-18 03:27:00,26.2,1160,1234,1451,361,230,197,2.18,0,0,0,0,0
2024-02-18 03:27:30,26.2,1193,1211,1500,352,249,177,2.18,0,0,0,0,0
2024-02-18 03:28:00,26.2,1582,1391,1625,375,229,139,2.18,0,0,0,0,0
2024-02-18 03:28:30,29.5,1495,1366,1584,360,215,123,4.36,3.27,0,1.09,0,0
2024-02-18 03:29:00,29.5,1615,1343,1584,377,214,117,3.27,3.27,0,1.09,0,0
2024-02-18 03:29:30,29.5,1575,1351,1513,360,217,136,3.27,3.27,0,1.09,0,0
2024-02-18 03:30:00,12,1416,1379,1540,367,204,141,2.18,3.27,0,1.09,0,0
2024-02-18 03:30:30,0,845,1478,1631,362,197,183,1.09,0,0,0,0,0
2024-02-18 03:31:00,0,528,1491,1702,383,200,167,0,0,0,0,0,0
2024-02-18 03:31:30,25.1,995,1288,1634,377,203,175,0,0,0,0,0,0
2024-02-18 03:32:00,25.1,1145,1221,1436,339,221,207,0,0,0,0,0,0
2024-02-18 03:32:30,25.1,1189,1225,1408,343,221,207,0,0,0,0,0,0
2024-02-18 03:33:00,25.1,1469,1317,1384,346,202,182,5.45,2.18,1.09,0,0,0
2024-02-18 03:33:30,37.1,1527,1320,1407,333,193,199,5.45,2.18,1.09,0,0,0
2024-02-18 03:34:00,37.1,1583,1336,1426,338,199,190,5.45,2.18,1.09,0,0,0
2024-02-18 03:34:30,37.1,1576,1337,1488,325,207,178,5.45,2.18,1.09,0,0,0
2024-02-18 03:35:00,5.45,1477,1424,1620,350,218,168,0,0,0,0,0,0
2024-02-18 03:35:30,0,781,1438,1633,363,213,169,0,0,0,0,0,0
2024-02-18 03:36:00,0,537,1435,1670,388,219,151,1.09,0,0,0,0,0
2024-02-18 03:36:30,39.3,1106,1321,1586,392,220,159,1.09,0,0,0,0,0
2024-02-18 03:37:00,39.3,1191,1257,1406,348,235,199,2.18,0,0,0,0,0
2024-02-18 03:37:30,39.3,1211,1312,1324,327,235,217,3.27,0,0,0,0,0
2024-02-18 03:38:00,14.2,1489,1364,1380,343,218,183,3.27,4.36,0,0,0,0
2024-02-18 03:38:30,34.9,1481,1359,1416,339,217,180,3.27,4.36,0,0,0,0
2024-02-18 03:39:00,34.9,1570,1358,1491,348,209,164,3.27,4.36,0,0,0,0
2024-02-18 03:39:30,34.9,1595,1337,1535,340,182,190,2.18,1.09,0,0,0,0
2024-02-18 03:40:00,17.5,1472,1353,1555,334,195,185,2.18,0,0,0,0,0
2024-02-18 03:40:30,0,785,1414,1634,352,194,172,3.27,0,0,0,0,0
2024-02-18 03:41:00,0,526,1427,1627,363,185,183,3.27,0,0,0,0,0
2024-02-18 03:41:30,24,993,1373,1604,358,197,173,4.36,0,0,0,0,0
2024-02-18 03:42:00,24,1084,1209,1369,308,220,223,4.36,1.09,0,0,0,0
2024-02-18 03:42:30,24,1186,1205,1331,276,204,247,4.36,1.09,0,0,0,0
2024-02-18 03:43:00,24,1439,1265,1378,305,209,202,3.27,1.09,0,0,0,0
2024-02-18 03:43:30,36,1579,1265,1390,310,206,189,4.36,1.09,0,0,0,0
2024-02-18 03:44:00,36,1705,1307,1399,292,217,185,5.45,0,0,0,0,0
2024-02-18 03:44:30,36,1685,1297,1378,290,233,184,4.36,0,0,0,0,0
2024-02-18 03:45:00,4.36,1539,1393,1513,309,217,185,3.27,0,0,0,0,0
2024-02-18 03:45:30,0,826,1453,1563,321,212,196,1.09,0,0,0,0,0
2024-02-18 03:46:00,0,535,1413,1702,365,208,173,0,0,0,0,0,0
2024-02-18 03:46:30,12,1063,1310,1717,395,223,143,0,0,0,0,0,0
2024-02-18 03:47:00,12,1231,1152,1541,359,239,177,1.09,0,0,0,0,0
2024-02-18 03:47:30,12,1211,943,1699,383,224,145,1.09,0,0,0,0,0
2024-02-18 03:48:00,12,1211,697,1547,338,156,110,10.9,4.36,1.09,2.18,0,0
2024-02-18 03:48:30,46.9,538,384,1227,254,103,67.6,21.8,8.73,1.09,2.18,0,0
2024-02-18 03:49:00,73.1,525,43.6,850,172,38.2,13.1,26.2,8.73,1.09,2.18,0,0
2024-02-18 03:49:30,76.4,1119,204,355,81.8,51.3,49.1,29.5,9.82,1.09,2.18,0,0
2024-02-18 03:50:00,70.9,1400,541,758,176,106,68.7,10.9,1.09,0,0,0,0
2024-02-18 03:50:30,15.3,1333,995,1335,316,140,77.5,6.55,1.09,0,0,0,0
2024-02-18 03:51:00,0,1355,1167,1487,350,157,108,1.09,1.09,0,0,0,0
2024-02-18 03:51:30,0,650,889,1135,262,106,53.5,0,0,0,0,0,0
2024-02-18 03:52:00,0,505,507,532,132,50.2,40.4,0,0,0,0,0,1.09
2024-02-18 03:52:30,0,53.5,63.3,42.5,6.55,3.27,12,0,0,0,0,0,1.09
2024-02-18 03:53:00,0,0,0,0,0,0,0,0,0,0,0,0,2.18
2024-02-18 03:53:30,0,0,0,0,0,0,0,0,0,0,0,0,2.18
2024-02-18 03:54:00,0,0,0,0,0,0,0,0,0,0,0,0,2.18
2024-02-18 03:54:30,0,0,0,0,0,0,0,0,0,0,0,0,2.18
2024-02-18 03:55:00,0,0,0,0,0,0,0,0,0,0,0,0,2.18
2024-02-18 03:55:30,0,0,0,0,0,0,0,0,0,0,0,0,2.18
2024-02-18 03:56:00,0,0,0,0,0,0,0,0,0,0,0,0,2.18
2024-02-18 03:56:30,0,0,0,0,0,0,0,0,0,0,0,0,2.18
2024-02-18 03:57:00,0,0,0,0,0,0,0,0,0,0,0,0,2.18
2024-02-18 03:57:30,0,0,0,0,0,0,0,0,0,0,0,0,2.18
2024-02-18 03:58:00,0,0,0,0,0,0,0,0,0,0,0,0,2.18
2024-02-18 03:58:30,0,0,0,0,0,0,0,0,0,0,0,0,2.18
2024-02-18 03:59:00,0,0,0,0,0,0,0,0,0,0,0,0,2.18
2024-02-18 03:59:30,0,0,0,0,0,0,0,0,0,0,0,0,2.18
2024-02-18 04:00:00,0,0,0,0,0,0,0,0,0,0,0,0,1.09
2024-02-18 04:00:30,0,0,0,0,0,0,0,0,0,0,0,0,2.18
2024-02-18 04:01:00,0,0,0,0,0,0,0,0,0,0,0,0,1.09
2024-02-18 04:01:30,0,0,0,0,0,0,0,0,0,0,0,0,2.18
2024-02-18 04:02:00,0,0,0,0,0,0,0,0,0,0,0,0,1.09
2024-02-18 04:02:30,0,0,0,0,0,0,0,0,0,0,0,0,1.09
2024-02-18 04:03:00,0,0,0,0,0,0,0,0,0,0,0,0,1.09
2024-02-18 04:03:30,0,0,0,0,0,0,0,0,0,0,0,0,1.09
2024-02-18 04:04:00,0,0,0,0,0,1.09,30.5,8.73,22.9,0,0,0,2.18
2024-02-18 04:04:30,0,0,0,0,0,1.09,81.8,31.6,51.3,0,0,0,2.18
2024-02-18 04:05:00,0,0,1.09,12,13.1,5.45,108,31.6,55.6,20.7,0,0,1.09
2024-02-18 04:05:30,0,1.09,4.36,32.7,44.7,13.1,119,31.6,55.6,45.8,0,0,1.09
2024-02-18 04:06:00,0,3.27,6.55,44.7,61.1,14.2,98.2,18.5,25.1,64.4,1.09,0,0
2024-02-18 04:06:30,0,5.45,7.64,60.0,77.5,19.6,69.8,2.18,5.45,84,1.09,0,0
2024-02-18 04:07:00,0,7.64,7.64,73.1,82.9,21.8,66.5,2.18,5.45,84,1.09,0,0
2024-02-18 04:07:30,0,7.64,4.36,75.3,51.3,27.3,75.3,2.18,5.45,85.1,1.09,0,0
2024-02-18 04:08:00,0,5.45,2.18,64.4,39.3,20.7,85.1,9.82,18.5,76.4,1.09,0,0
2024-02-18 04:08:30,0,3.27,2.18,43.6,13.1,17.5,116,31.6,46.9,51.3,1.09,0,0
2024-02-18 04:09:00,0,2.18,1.09,33.8,13.1,15.3,134,39.3,62.2,38.2,1.09,0,0
2024-02-18 04:09:30,0,3.27,1.09,30.5,19.6,9.82,134,39.3,62.2,38.2,1.09,0,0
2024-02-18 04:10:00,0,3.27,1.09,32.7,19.6,10.9,124,34.9,48,46.9,1.09,0,0
2024-02-18 04:10:30,0,3.27,1.09,32.7,19.6,10.9,122,30.5,53.5,46.9,1.09,0,0
2024-02-18 04:11:00,0,2.18,0,27.3,10.9,10.9,129,38.2,61.1,40.4,1.09,0,0
2024-02-18 04:11:30,0,0,0,12,6.55,7.64,143,40.4,66.5,34.9,1.09,0,0
2024-02-18 04:12:00,0,0,0,21.8,13.1,18.5,133,26.2,54.5,43.6,1.09,0,0
2024-02-18 04:12:30,0,0,0,21.8,13.1,18.5,135,30.5,49.1,43.6,1.09,0,0
2024-02-18 04:13:00,0,0,0,14.2,9.82,14.2,164,52.4,73.1,21.8,1.09,0,0
2024-02-18 04:13:30,0,0,3.27,29.5,26.2,14.2,143,49.1,64.4,30.5,1.09,0,0
2024-02-18 04:14:00,0,0,3.27,31.6,26.2,8.73,131,38.2,49.1,43.6,1.09,0,0
2024-02-18 04:14:30,0,1.09,5.45,53.5,40.4,13.1,106,17.5,25.1,65.5,1.09,0,0
2024-02-18 04:15:00,0,1.09,7.64,63.3,57.8,12,80.7,2.18,5.45,84.0,1.09,0,0
2024-02-18 04:15:30,0,1.09,6.55,63.3,44.7,12,91.6,2.18,5.45,84,1.09,0,0
2024-02-18 04:16:00,0,2.18,5.45,57.8,43.6,10.9,98.2,7.64,21.8,74.2,1.09,0,0
2024-02-18 04:16:30,0,1.09,4.36,45.8,32.7,7.64,119,21.8,52.4,52.4,1.09,0,0
2024-02-18 04:17:00,0,2.18,1.09,32.7,18.5,7.64,131,30.5,65.5,39.3,1.09,0,0
2024-02-18 04:17:30,0,1.09,0,14.2,9.82,6.55,139,31.6,66.5,38.2,1.09,0,0
2024-02-18 04:18:00,0,4.36,0,25.1,17.5,8.73,131,18.5,45.8,52.4,1.09,0,0
2024-02-18 04:18:30,0,4.36,1.09,40.4,31.6,9.82,96.0,2.18,12,76.4,1.09,0,0
2024-02-18 04:19:00,0,3.27,1.09,32.7,26.2,6.55,103,9.82,17.5,72,1.09,0,0
2024-02-18 04:19:30,0,2.18,2.18,30.5,24,5.45,119,27.3,34.9,55.6,1.09,0,0
2024-02-18 04:20:00,0,3.27,3.27,29.5,20.7,6.55,116,29.5,34.9,56.7,1.09,0,0
2024-02-18 04:20:30,0,3.27,3.27,21.8,15.3,7.64,146,51.3,62.2,31.6,1.09,0,0
2024-02-18 04:21:00,0,3.27,3.27,25.1,16.4,9.82,136,34.9,49.1,44.7,1.09,0,0
2024-02-18 04:21:30,0,1.09,5.45,24,18.5,10.9,128,25.1,34.9,57.8,1.09,0,0
2024-02-18 04:22:00,0,1.09,4.36,20.7,17.5,10.9,118,16.4,24,67.6,1.09,0,0
2024-02-18 04:22:30,0,1.09,5.45,33.8,25.1,9.82,88.4,0,1.09,89.5,1.09,0,0
2024-02-18 04:23:00,0,1.09,7.64,51.3,45.8,14.2,85.1,0,1.09,88.4,1.09,0,0
2024-02-18 04:23:30,0,1.09,5.45,51.3,50.2,10.9,74.2,0,1.09,89.5,1.09,0,0
2024-02-18 04:24:00,0,1.09,4.36,50.2,48.0,12,79.6,0,4.36,85.1,1.09,0,0
2024-02-18 04:24:30,0,3.27,7.64,48,37.1,19.6,87.3,0,4.36,86.2,1.09,0,0
2024-02-18 04:25:00,0,4.36,5.45,48,33.8,26.2,86.2,0,4.36,86.2,1.09,0,0
2024-02-18 04:25:30,0,3.27,7.64,54.5,39.3,27.3,91.6,0,5.45,86.2,1.09,0,0
2024-02-18 04:26:00,0,3.27,8.73,53.5,42.5,20.7,96,6.55,8.73,81.8,1.09,0,0
2024-02-18 04:26:30,0,0,5.45,34.9,32.7,14.2,119,22.9,42.5,55.6,1.09,0,0
2024-02-18 04:27:00,0,1.09,5.45,31.6,25.1,13.1,140,31.6,56.7,40.4,1.09,0,0
2024-02-18 04:27:30,0,2.18,3.27,19.6,7.64,8.73,141,31.6,55.6,41.5,1.09,0,0
2024-02-18 04:28:00,0,2.18,2.18,20.7,8.73,8.73,128,21.8,38.2,55.6,1.09,0,0
2024-02-18 04:28:30,0,4.36,5.45,34.9,14.2,13.1,113,3.27,16.4,74.2,1.09,0,0
2024-02-18 04:29:00,0,3.27,6.55,32.7,15.3,12,122,5.45,20.7,69.8,1.09,0,0
2024-02-18 04:29:30,0,5.45,8.73,44.7,26.2,15.3,120,5.45,20.7,70.9,1.09,0,0
2024-02-18 04:30:00,0,7.64,8.73,50.2,29.5,19.6,110,5.45,16.4,75.3,1.09,0,0
2024-02-18 04:30:30,0,5.45,5.45,48,27.3,20.7,89.5,1.09,4.36,85.1,1.09,0,0
2024-02-18 04:31:00,0,6.55,4.36,46.9,37.1,21.8,86.2,1.09,2.18,87.3,1.09,0,0
2024-02-18 04:31:30,0,6.55,3.27,53.5,38.2,20.7,87.3,1.09,3.27,86.2,1.09,0,0
2024-02-18 04:32:00,0,5.45,3.27,60.0,55.6,21.8,89.5,1.09,9.82,81.8,1.09,0,0
2024-02-18 04:32:30,0,5.45,2.18,44.7,42.5,17.5,117,21.8,38.2,56.7,1.09,0,0
2024-02-18 04:33:00,0,3.27,2.18,40.4,30.5,13.1,127,21.8,40.4,54.5,1.09,0,0
2024-02-18 04:33:30,0,3.27,3.27,38.2,28.4,10.9,128,21.8,38.2,57.8,1.09,0,0
2024-02-18 04:34:00,0,3.27,3.27,43.6,25.1,14.2,115,12,26.2,68.7,1.09,0,0
2024-02-18 04:34:30,0,3.27,5.45,49.1,30.5,20.7,88.4,2.18,5.45,85.1,1.09,0,0
2024-02-18 04:35:00,0,3.27,8.73,53.5,44.7,27.3,82.9,2.18,4.36,87.3,1.09,0,0
2024-02-18 04:35:30,0,2.18,9.82,62.2,39.3,33.8,89.5,2.18,5.45,86.2,1.09,0,0
2024-02-18 04:36:00,0,2.18,10.9,60.0,43.6,39.3,99.3,4.36,14.2,77.5,1.09,0,0
2024-02-18 04:36:30,0,2.18,7.64,56.7,34.9,33.8,97.1,2.18,13.1,77.5,1.09,0,0
2024-02-18 04:37:00,0,1.09,3.27,54.5,36,27.3,87.3,3.27,13.1,77.5,1.09,0,0
2024-02-18 04:37:30,0,1.09,2.18,40.4,25.1,21.8,92.7,6.55,16.4,73.1,1.09,0,0
2024-02-18 04:38:00,0,1.09,1.09,32.7,21.8,15.3,88.4,6.55,9.82,81.8,0,0,0
2024-02-18 04:38:30,0,1.09,1.09,33.8,20.7,15.3,92.7,6.55,10.9,80.7,0,0,0
2024-02-18 04:39:00,0,1.09,3.27,36,20.7,15.3,88.4,0,4.36,87.3,0,0,0
2024-02-18 04:39:30,0,1.09,2.18,39.3,17.5,15.3,88.4,0,4.36,87.3,0,0,0
2024-02-18 04:40:00,0,1.09,2.18,31.6,22.9,10.9,81.8,0,2.18,87.3,1.09,0,0
2024-02-18 04:40:30,0,1.09,2.18,34.9,27.3,9.82,80.7,0,2.18,87.3,1.09,0,0
2024-02-18 04:41:00,0,1.09,3.27,25.1,21.8,9.82,80.7,0,0,89.5,1.09,0,0
2024-02-18 04:41:30,0,0,3.27,36.0,19.6,14.2,84.0,0,0,89.5,1.09,0,0
2024-02-18 04:42:00,0,0,5.45,34.9,19.6,17.5,84.0,0,0,90.5,0,0,0
2024-02-18 04:42:30,0,0,5.45,34.9,19.6,18.5,104,13.1,19.6,72.0,1.09,0,0
2024-02-18 04:43:00,0,1.09,2.18,24.0,19.6,13.1,110,15.3,26.2,65.5,1.09,0,0
2024-02-18 04:43:30,0,1.09,3.27,30.5,21.8,15.3,120,19.6,36,55.6,1.09,0,0
2024-02-18 04:44:00,0,4.36,2.18,51.3,41.5,21.8,106,13.1,27.3,65.5,0,0,0
2024-02-18 04:44:30,0,4.36,2.18,49.1,41.5,20.7,66.5,6.55,16.4,51.3,0,0,0
2024-02-18 04:45:00,0,3.27,2.18,41.5,32.7,15.3,25.1,0,1.09,40.4,0,0,1.09
2024-02-18 04:45:30,0,1.09,1.09,14.2,18.5,2.18,9.82,0,0,16.4,0,0,1.09
2024-02-18 04:46:00,0,0,0,0,0,0,0,0,0,0,0,0,1.09
2024-02-18 04:46:30,0,0,0,0,0,0,0,0,0,0,0,0,2.18
2024-02-18 04:47:00,0,0,0,0,0,0,0,0,0,0,0,0,1.09
2024-02-18 04:47:30,0,0,0,0,0,0,0,0,0,0,0,0,2.18
2024-02-18 04:48:00,0,0,0,0,0,0,0,0,0,0,0,0,1.09
2024-02-18 04:48:30,0,0,0,0,0,0,0,0,0,0,0,0,2.18
2024-02-18 04:49:00,0,0,0,0,0,0,0,0,0,0,0,0,1.09
2024-02-18 04:49:30,0,14.2,29.5,140,22.9,21.8,196,0,2.18,0,0,0,2.18
2024-02-18 04:50:00,0,31.6,68.7,283,31.6,60,411,0,2.18,0,0,0,1.09
2024-02-18 04:50:30,0,45.8,99.3,430,51.3,88.4,621,0,2.18,0,0,0,1.09
2024-02-18 04:51:00,0,45.8,128,520,51.3,110,790,0,0,0,0,0,0
2024-02-18 04:51:30,0,26.2,110,494,58.9,125,719,1.09,1.09,0,1.09,0,0
2024-02-18 04:52:00,1.09,31.6,101,506,54.5,120,730,1.09,1.09,0,1.09,0,0
2024-02-18 04:52:30,1.09,39.3,96.0,495,41.5,133,734,1.09,1.09,0,1.09,0,0
2024-02-18 04:53:00,1.09,51.3,99.3,527,33.8,155,776,0,0,0,0,0,0
2024-02-18 04:53:30,1.09,58.9,85.1,456,45.8,120,740,6.55,1.09,0,1.09,0,0
2024-02-18 04:54:00,0,50.2,74.2,435,61.1,129,719,7.64,1.09,0,1.09,0,0
2024-02-18 04:54:30,0,45.8,85.1,461,73.1,130,707,7.64,1.09,0,1.09,0,0
2024-02-18 04:55:00,0,40.4,103,477,86.2,130,740,7.64,0,0,0,0,0
2024-02-18 04:55:30,0,22.9,107,503,84,130,707,0,2.18,0,1.09,0,0
2024-02-18 04:56:00,1.09,29.5,116,494,77.5,109,729,0,2.18,0,1.09,0,0
2024-02-18 04:56:30,1.09,44.7,116,502,57.8,115,740,0,2.18,0,1.09,0,0
2024-02-18 04:57:00,1.09,58.9,104,531,54.5,113,769,0,2.18,0,1.09,0,0
2024-02-18 04:57:30,1.09,63.3,93.8,497,50.2,118,725,5.45,3.27,0,1.09,0,0
2024-02-18 04:58:00,0,40.4,90.5,500,53.5,119,715,5.45,3.27,0,1.09,0,0
2024-02-18 04:58:30,0,24,100,492,64.4,107,719,5.45,3.27,0,1.09,0,0
2024-02-18 04:59:00,0,26.2,119,501,54.5,123,736,1.09,2.18,0,1.09,0,0
2024-02-18 04:59:30,0,30.5,123,488,55.6,112,751,1.09,0,0,1.09,0,0
2024-02-18 05:00:00,0,29.5,135,499,58.9,116,747,1.09,0,0,1.09,0,0
2024-02-18 05:00:30,0,17.5,131,482,54.5,104,752,1.09,0,0,1.09,0,0
2024-02-18 05:01:00,1.09,28.4,129,471,54.5,109,752,1.09,0,0,1.09,0,0
2024-02-18 05:01:30,1.09,44.7,123,456,58.9,107,749,0,1.09,1.09,1.09,0,0
2024-02-18 05:02:00,1.09,56.7,96,437,67.6,101,755,0,1.09,1.09,1.09,0,0
2024-02-18 05:02:30,1.09,61.1,99.3,387,72,108,719,6.55,4.36,1.09,1.09,0,0
2024-02-18 05:03:00,0,28.4,107,382,78.5,128,692,6.55,4.36,1.09,1.09,0,0
2024-02-18 05:03:30,0,22.9,104,420,70.9,129,698,6.55,4.36,1.09,1.09,0,0
2024-02-18 05:04:00,0,17.5,104,463,63.3,137,735,1.09,1.09,1.09,1.09,0,0
2024-02-18 05:04:30,0,20.7,106,497,60,117,751,0,1.09,1.09,1.09,0,0
2024-02-18 05:05:00,0,20.7,99.3,511,54.5,139,732,0,1.09,1.09,1.09,0,0
2024-02-18 05:05:30,0,10.9,106,504,56.7,154,699,0,2.18,0,1.09,0,0
2024-02-18 05:06:00,1.09,18.5,103,492,67.6,140,705,0,2.18,0,1.09,0,0
2024-02-18 05:06:30,1.09,43.6,98.2,494,61.1,133,721,0,2.18,0,1.09,0,0
2024-02-18 05:07:00,1.09,53.5,103,497,53.5,122,741,0,2.18,0,1.09,0,0
2024-02-18 05:07:30,1.09,61.1,111,496,46.9,122,758,1.09,0,0,0,0,0
2024-02-18 05:08:00,0,37.1,104,492,56.7,117,725,3.27,1.09,0,1.09,0,0
2024-02-18 05:08:30,0,26.2,98.2,470,77.5,111,719,3.27,1.09,0,1.09,0,0
2024-02-18 05:09:00,0,32.7,108,456,69.8,94.9,739,3.27,1.09,0,1.09,0,0
2024-02-18 05:09:30,0,31.6,119,503,60,111,780,1.09,0,0,0,0,0
2024-02-18 05:10:00,0,29.5,129,482,56.7,116,730,1.09,2.18,0,1.09,0,0
2024-02-18 05:10:30,0,14.2,130,489,49.1,123,723,1.09,2.18,0,1.09,0,0
2024-02-18 05:11:00,0,29.5,125,485,57.8,116,729,1.09,2.18,0,1.09,0,0
2024-02-18 05:11:30,0,50.2,115,525,42.5,125,787,0,0,0,0,0,0
2024-02-18 05:12:00,0,57.8,85.1,500,57.8,123,737,1.09,2.18,0,1.09,0,0
2024-02-18 05:12:30,0,64.4,87.3,491,65.5,98.2,761,1.09,2.18,0,1.09,0,0
2024-02-18 05:13:00,0,32.7,103,482,86.2,107,735,1.09,2.18,0,1.09,0,0
2024-02-18 05:13:30,0,20.7,121,483,98.2,115,775,0,0,0,0,0,0
2024-02-18 05:14:00,0,20.7,120,468,98.2,96,730,1.09,2.18,0,1.09,0,0
2024-02-18 05:14:30,0,27.3,115,484,81.8,118,719,1.09,2.18,0,1.09,0,0
2024-02-18 05:15:00,0,28.4,100,497,74.2,117,722,1.09,2.18,0,1.09,0,0
2024-02-18 05:15:30,0,19.6,93.8,521,85.1,118,729,1.09,2.18,0,1.09,0,0
2024-02-18 05:16:00,2.18,18.5,80.7,494,85.1,104,713,2.18,1.09,0,1.09,0,0
2024-02-18 05:16:30,2.18,34.9,86.2,468,87.3,87.3,734,2.18,1.09,0,1.09,0,0
2024-02-18 05:17:00,2.18,45.8,105,452,79.6,101,737,2.18,1.09,0,1.09,0,0
2024-02-18 05:17:30,2.18,55.6,123,460,61.1,93.8,766,1.09,1.09,0,1.09,0,0
2024-02-18 05:18:00,0,36,125,470,49.1,99.3,737,4.36,2.18,0,1.09,0,0
2024-02-18 05:18:30,0,26.2,129,471,51.3,88.4,745,4.36,2.18,0,1.09,0,0
2024-02-18 05:19:00,0,28.4,127,482,44.7,86.2,751,4.36,2.18,0,1.09,0,0
2024-02-18 05:19:30,0,28.4,122,496,50.2,81.8,768,1.09,1.09,0,1.09,0,0
2024-02-18 05:20:00,0,27.3,127,476,63.3,94.9,756,0,1.09,1.09,1.09,0,0
2024-02-18 05:20:30,0,14.2,116,459,68.7,116,729,0,1.09,1.09,1.09,0,0
2024-02-18 05:21:00,3.27,12,115,442,67.6,115,730,0,1.09,1.09,1.09,0,0
2024-02-18 05:21:30,3.27,37.1,113,456,51.3,110,748,0,1.09,1.09,1.09,0,0
2024-02-18 05:22:00,3.27,41.5,121,480,34.9,111,754,0,1.09,1.09,1.09,0,0
2024-02-18 05:22:30,2.18,45.8,120,509,36,106,766,0,1.09,1.09,1.09,0,0
2024-02-18 05:23:00,0,27.3,111,526,48,132,728,0,1.09,1.09,1.09,0,0
2024-02-18 05:23:30,0,21.8,105,514,53.5,135,721,0,1.09,1.09,1.09,0,0
2024-02-18 05:24:00,0,31.6,100,493,51.3,135,722,1.09,0,1.09,1.09,0,0
2024-02-18 05:24:30,0,34.9,101,478,52.4,137,717,2.18,0,1.09,1.09,0,0
2024-02-18 05:25:00,0,34.9,127,478,50.2,135,721,2.18,0,1.09,1.09,0,0
2024-02-18 05:25:30,0,16.4,119,447,62.2,131,644,9.82,9.82,1.09,1.09,0,0
2024-02-18 05:26:00,0,14.2,103,372,66.5,108,545,34.9,29.5,0,0,0,0
2024-02-18 05:26:30,0,29.5,82.9,377,64.4,101,537,36,32.7,0,0,0,0
2024-02-18 05:27:00,0,46.9,88.4,375,63.3,108,537,36,32.7,0,0,0,0
2024-02-18 05:27:30,0,49.1,117,466,52.4,129,648,17.5,17.5,0,0,0,0
2024-02-18 05:28:00,0,37.1,137,531,50.2,141,766,0,0,0,0,0,0
2024-02-18 05:28:30,0,30.5,125,499,49.1,129,723,1.09,2.18,0,1.09,0,0
2024-02-18 05:29:00,0,28.4,116,504,48,123,724,1.09,2.18,0,1.09,0,0
2024-02-18 05:29:30,0,38.2,120,497,48,137,716,1.09,2.18,0,1.09,0,0
2024-02-18 05:30:00,0,37.1,133,523,50.2,167,743,0,0,0,0,0,0
2024-02-18 05:30:30,0,21.8,106,388,48,145,554,1.09,0,0,0,0,0
2024-02-18 05:31:00,0,3.27,74.2,240,36,107,343,1.09,0,0,0,0,0
2024-02-18 05:31:30,0,0,31.6,90.5,16.4,49.1,155,1.09,0,0,0,0,1.09
2024-02-18 05:32:00,0,0,0,0,0,0,0,0,0,0,0,0,1.09
2024-02-18 05:32:30,0,0,0,0,0,0,0,0,0,0,0,0,2.18
2024-02-18 05:33:00,0,0,0,0,0,0,0,0,0,0,0,0,1.09
2024-02-18 05:33:30,0,0,0,0,0,0,0,0,0,0,0,0,2.18
2024-02-18 05:34:00,0,0,0,0,0,0,0,0,0,0,0,0,1.09
2024-02-18 05:34:30,0,0,0,0,0,0,0,0,0,0,0,0,2.18
2024-02-18 05:35:00,0,0,0,0,0,0,0,0,0,0,0,0,1.09
2024-02-18 05:35:30,0,24,21.8,88.4,44.7,40.4,92.7,1.09,1.09,0,0,0,2.18
2024-02-18 05:36:00,0,31.6,44.7,201,96,90.5,249,1.09,1.09,0,0,0,2.18
2024-02-18 05:36:30,0,31.6,69.8,317,159,131,391,2.18,1.09,0,0,0,1.09
2024-02-18 05:37:00,1.09,37.1,90.5,406,196,167,497,7.64,3.27,1.09,0,0,0
2024-02-18 05:37:30,1.09,10.9,82.9,408,208,159,455,21.8,3.27,1.09,0,0,0
2024-02-18 05:38:00,1.09,13.1,78.5,412,201,169,453,21.8,3.27,1.09,0,0,0
2024-02-18 05:38:30,0,26.2,82.9,445,197,200,493,17.5,1.09,0,0,0,0
2024-02-18 05:39:00,0,24,88.4,449,191,200,514,14.2,0,0,0,0,0
2024-02-18 05:39:30,0,22.9,97.1,484,212,215,518,1.09,0,0,0,0,0
2024-02-18 05:40:00,0,30.5,105,494,215,211,514,1.09,0,0,0,0,0
2024-02-18 05:40:30,0,24,106,477,225,202,500,4.36,0,0,0,0,0
2024-02-18 05:41:00,0,27.3,99.3,473,217,202,503,7.64,0,0,0,0,0
2024-02-18 05:41:30,0,22.9,90.5,424,184,187,478,14.2,4.36,2.18,0,0,0
2024-02-18 05:42:00,0,6.55,77.5,435,188,193,443,20.7,4.36,2.18,0,0,0
2024-02-18 05:42:30,0,16.4,86.2,436,175,196,464,20.7,4.36,2.18,0,0,0
2024-02-18 05:43:00,0,17.5,96.0,434,181,207,488,17.5,2.18,0,0,0,0
2024-02-18 05:43:30,0,25.1,88.4,425,196,218,515,6.55,0,0,0,0,0
2024-02-18 05:44:00,0,27.3,94.9,459,211,197,525,3.27,0,0,0,0,0
2024-02-18 05:44:30,0,15.3,76.4,479,208,201,503,7.64,0,0,0,0,0
2024-02-18 05:45:00,0,20.7,92.7,495,200,203,515,5.45,0,0,0,0,0
2024-02-18 05:45:30,0,14.2,92.7,468,175,189,518,12,0,0,0,0,0
2024-02-18 05:46:00,0,16.4,97.1,461,182,183,490,14.2,1.09,2.18,0,0,0
2024-02-18 05:46:30,0,7.64,113,449,190,201,476,12,1.09,2.18,0,0,0
2024-02-18 05:47:00,0,3.27,92.7,435,209,188,461,16.4,1.09,2.18,0,0,0
2024-02-18 05:47:30,1.09,17.5,88.4,417,215,223,463,9.82,1.09,2.18,0,0,0
2024-02-18 05:48:00,1.09,16.4,89.5,432,212,238,469,15.3,0,0,0,0,0
2024-02-18 05:48:30,1.09,21.8,92.7,430,215,220,490,14.2,0,0,0,0,0
2024-02-18 05:49:00,0,22.9,105,457,209,213,500,12,0,0,0,0,0
2024-02-18 05:49:30,0,12,92.7,454,205,177,494,17.5,0,0,0,0,0
2024-02-18 05:50:00,0,25.1,89.5,508,205,197,496,8.73,0,0,0,0,0
2024-02-18 05:50:30,1.09,20.7,76.4,468,191,206,457,10.9,3.27,1.09,0,0,0
2024-02-18 05:51:00,1.09,25.1,65.5,447,179,202,455,14.2,4.36,2.18,0,0,0
2024-02-18 05:51:30,1.09,19.6,69.8,448,163,207,468,10.9,4.36,2.18,0,0,0
2024-02-18 05:52:00,1.09,8.73,61.1,393,154,179,456,25.1,4.36,2.18,0,0,0
2024-02-18 05:52:30,0,20.7,73.1,425,167,176,489,29.5,1.09,0,0,0,0
2024-02-18 05:53:00,0,18.5,81.8,439,153,168,493,28.4,1.09,0,0,0,0
2024-02-18 05:53:30,0,22.9,89.5,428,180,159,482,31.6,1.09,0,0,0,0
2024-02-18 05:54:00,0,21.8,93.8,441,208,181,523,7.64,0,0,0,0,0
2024-02-18 05:54:30,0,7.64,88.4,451,228,169,502,14.2,0,0,0,0,0
2024-02-18 05:55:00,0,14.2,85.1,411,229,170,493,15.3,1.09,2.18,0,0,0
2024-02-18 05:55:30,0,15.3,88.4,432,206,185,484,15.3,1.09,2.18,0,0,0
2024-02-18 05:56:00,0,20.7,90.5,403,189,189,500,15.3,1.09,2.18,0,0,0
2024-02-18 05:56:30,0,18.5,93.8,421,197,196,482,14.2,1.09,2.18,0,0,0
2024-02-18 05:57:00,0,8.73,88.4,444,213,203,478,14.2,0,0,0,0,0
2024-02-18 05:57:30,0,26.2,92.7,427,208,183,518,9.82,0,0,0,0,0
2024-02-18 05:58:00,0,24,90.5,430,196,187,515,9.82,0,0,0,0,0
2024-02-18 05:58:30,0,30.5,96.0,444,192,193,526,8.73,0,0,0,0,0
2024-02-18 05:59:00,0,27.3,101,445,214,202,520,6.55,0,0,0,0,0
2024-02-18 05:59:30,1.09,12,82.9,407,208,195,453,14.2,2.18,2.18,0,0,0
2024-02-18 06:00:00,1.09,25.1,86.2,422,208,194,470,12,2.18,2.18,0,0,0
2024-02-18 06:00:30,1.09,19.6,86.2,386,178,158,451,19.6,3.27,2.18,0,0,0
2024-02-18 06:01:00,0,20.7,85.1,373,170,145,445,22.9,2.18,1.09,0,0,0
2024-02-18 06:01:30,0,15.3,92.7,411,165,155,483,13.1,1.09,1.09,0,0,0
2024-02-18 06:02:00,0,4.36,75.3,412,167,153,467,14.2,1.09,1.09,0,0,0
2024-02-18 06:02:30,0,16.4,74.2,436,187,172,527,8.73,0,0,0,0,0
2024-02-18 06:03:00,0,21.8,84,429,187,180,490,22.9,0,0,0,0,0
2024-02-18 06:03:30,1.09,21.8,67.6,357,147,160,433,24,5.45,2.18,2.18,0,0
2024-02-18 06:04:00,1.09,26.2,84,362,149,157,435,26.2,5.45,2.18,2.18,0,0
2024-02-18 06:04:30,1.09,8.73,75.3,365,151,165,442,16.4,5.45,2.18,2.18,0,0
2024-02-18 06:05:00,1.09,14.2,63.3,355,148,146,375,44.7,6.55,2.18,2.18,0,0
2024-02-18 06:05:30,0,16.4,73.1,420,181,168,446,42.5,1.09,0,0,0,0
2024-02-18 06:06:00,0,17.5,70.9,401,195,160,467,33.8,1.09,0,0,0,0
2024-02-18 06:06:30,0,16.4,81.8,391,196,151,483,27.3,1.09,0,0,0,0
2024-02-18 06:07:00,0,7.64,86.2,411,212,161,509,6.55,0,0,0,0,0
2024-02-18 06:07:30,1.09,19.6,86.2,412,185,160,518,8.73,1.09,0,0,0,0
2024-02-18 06:08:00,1.09,16.4,87.3,433,181,184,503,8.73,1.09,0,0,0,0
2024-02-18 06:08:30,1.09,16.4,84,422,165,165,485,13.1,4.36,3.27,0,0,0
2024-02-18 06:09:00,1.09,15.3,85.1,421,175,179,493,7.64,3.27,3.27,0,0,0
2024-02-18 06:09:30,0,6.55,74.2,407,192,169,476,9.82,3.27,3.27,0,0,0
2024-02-18 06:10:00,0,19.6,73.1,409,185,178,491,9.82,3.27,3.27,0,0,0
2024-02-18 06:10:30,0,19.6,88.4,420,201,200,501,7.64,0,0,0,0,0
2024-02-18 06:11:00,0,25.1,89.5,444,193,200,523,6.55,0,0,0,0,0
2024-02-18 06:11:30,0,22.9,100,485,182,218,516,4.36,0,0,0,0,0
2024-02-18 06:12:00,0,12,75.3,481,203,228,495,4.36,0,0,0,0,0
2024-02-18 06:12:30,1.09,17.5,64.4,428,184,201,458,15.3,5.45,1.09,0,0,0
2024-02-18 06:13:00,1.09,15.3,65.5,393,182,201,456,15.3,5.45,1.09,0,0,0
2024-02-18 06:13:30,1.09,18.5,66.5,392,178,185,445,22.9,5.45,1.09,0,0,0
2024-02-18 06:14:00,1.09,14.2,88.4,392,158,173,463,21.8,4.36,1.09,0,0,0
2024-02-18 06:14:30,0,12,86.2,429,187,199,497,10.9,0,0,0,0,0
2024-02-18 06:15:00,0,21.8,94.9,423,191,201,514,6.55,0,0,0,0,0
2024-02-18 06:15:30,0,22.9,94.9,476,212,221,491,4.36,0,0,0,0,0
2024-02-18 06:16:00,0,28.4,97.1,490,214,211,513,3.27,0,0,0,0,0
2024-02-18 06:16:30,0,14.2,96,504,200,194,506,8.73,0,0,0,0,0
2024-02-18 06:17:00,0,8.73,74.2,488,185,176,473,13.1,4.36,1.09,0,0,0
2024-02-18 06:17:30,0,18.5,61.1,408,146,144,470,16.4,4.36,1.09,0,0,0
2024-02-18 06:18:00,0,12,34.9,280,99.3,94.9,317,15.3,4.36,1.09,0,0,0
2024-02-18 06:18:30,0,12,19.6,170,70.9,61.1,208,5.45,0,0,0,0,1.09
2024-02-18 06:19:00,0,6.55,4.36,48,16.4,15.3,74.2,2.18,0,0,0,0,1.09
2024-02-18 06:19:30,0,0,0,0,0,0,0,0,0,0,0,0,2.18
2024-02-18 06:20:00,0,0,0,0,0,0,0,0,0,0,0,0,2.18
2024-02-18 06:20:30,0,0,0,0,0,0,0,0,0,0,0,0,2.18
2024-02-18 06:21:00,0,0,0,0,0,0,0,0,0,0,0,0,2.18
2024-02-18 06:21:30,0,0,0,0,0,0,0,0,0,0,0,0,2.18
2024-02-18 06:22:00,0,0,0,0,0,0,0,0,0,0,0,0,2.18
2024-02-18 06:22:30,0,0,0,0,0,0,0,0,0,0,0,0,1.09
2024-02-18 06:23:00,0,0,0,0,0,0,0,0,0,0,0,0,2.18
2024-02-18 06:23:30,0,0,0,0,0,0,0,0,0,0,0,0,1.09
2024-02-18 06:24:00,0,0,0,0,0,0,0,0,0,0,0,0,2.18
2024-02-18 06:24:30,0,0,0,0,0,0,0,0,0,0,0,0,1.09
2024-02-18 06:25:00,0,0,0,0,0,0,0,0,0,0,0,0,2.18
2024-02-18 06:25:30,0,0,0,0,0,0,0,0,0,0,0,0,1.09
2024-02-18 06:26:00,0,0,0,0,0,0,0,0,0,0,0,0,2.18
2024-02-18 06:26:30,0,0,0,0,0,0,0,0,0,0,0,0,1.09
2024-02-18 06:27:00,0,0,0,0,0,0,0,0,0,0,0,0,2.18
2024-02-18 06:27:30,0,0,0,0,0,0,0,0,0,0,0,0,1.09
2024-02-18 06:28:00,0,0,0,0,0,0,0,0,0,0,0,0,2.18
2024-02-18 06:28:30,0,0,0,0,0,0,0,0,0,0,0,0,2.18
2024-02-18 06:29:00,0,0,0,0,0,0,0,0,0,0,0,0,2.18
2024-02-18 06:29:30,0,0,0,0,0,0,0,0,0,0,0,0,2.18
2024-02-18 06:30:00,0,0,0,0,0,0,0,0,0,0,0,0,2.18
2024-02-18 06:30:30,0,0,0,0,0,0,0,0,0,0,0,0,2.18
2024-02-18 06:31:00,0,0,0,0,0,0,0,0,0,0,0,0,2.18
2024-02-18 06:31:30,0,0,0,0,0,0,0,0,0,0,0,0,2.18
2024-02-18 06:32:00,0,0,0,0,0,0,0,0,0,0,0,0,2.18
2024-02-18 06:32:30,0,0,0,0,0,0,0,0,0,0,0,0,2.18
2024-02-18 06:33:00,0,0,0,0,0,0,0,0,0,0,0,0,2.18
2024-02-18 06:33:30,0,0,0,0,0,0,0,0,0,0,0,0,2.18
2024-02-18 06:34:00,0,0,0,0,0,0,0,0,0,0,0,0,2.18
2024-02-18 06:34:30,0,0,0,0,0,0,0,0,0,0,0,0,2.18
2024-02-18 06:35:00,0,0,0,0,0,0,0,0,0,0,0,0,2.18
2024-02-18 06:35:30,0,0,0,0,0,0,0,0,0,0,0,0,2.18
2024-02-18 06:36:00,0,0,0,0,0,0,0,0,0,0,0,0,2.18
2024-02-18 06:36:30,0,0,0,0,0,0,0,0,0,0,0,0,2.18
2024-02-18 06:37:00,0,0,0,0,0,0,0,0,0,0,0,0,1.09
2024-02-18 06:37:30,0,0,0,0,0,0,0,0,0,0,0,0,2.18
2024-02-18 06:38:00,0,0,0,0,0,0,0,0,0,0,0,0,1.09
2024-02-18 06:38:30,0,0,0,0,0,0,0,0,0,0,0,0,2.18
2024-02-18 06:39:00,0,0,0,0,0,0,0,0,0,0,0,0,1.09
2024-02-18 06:39:30,0,0,0,0,0,0,0,0,0,0,0,0,2.18
2024-02-18 06:40:00,0,0,0,0,0,0,0,0,0,0,0,0,1.09
2024-02-18 06:40:30,0,0,0,0,0,0,0,0,0,0,0,0,2.18
2024-02-18 06:41:00,0,0,0,0,0,0,0,0,0,0,0,0,1.09
2024-02-18 06:41:30,0,0,0,0,0,0,0,0,0,0,0,0,2.18
2024-02-18 06:42:00,0,0,0,0,0,0,0,0,0,0,0,0,1.09
2024-02-18 06:42:30,0,0,0,0,0,0,0,0,0,0,0,0,2.18
2024-02-18 06:43:00,0,0,0,0,0,0,0,0,0,0,0,0,1.09
2024-02-18 06:43:30,0,0,0,0,0,0,0,0,0,0,0,0,2.18
2024-02-18 06:44:00,0,0,0,0,0,0,0,0,0,0,0,0,2.18
2024-02-18 06:44:30,0,0,0,0,0,0,0,0,0,0,0,0,2.18
2024-02-18 06:45:00,0,0,0,0,0,0,0,0,0,0,0,0,2.18
2024-02-18 06:45:30,0,0,0,0,0,0,0,0,0,0,0,0,2.18
2024-02-18 06:46:00,0,0,0,0,0,0,0,0,0,0,0,0,2.18
2024-02-18 06:46:30,0,0,0,0,0,0,0,0,0,0,0,0,2.18
2024-02-18 06:47:00,0,0,0,0,0,0,0,0,0,0,0,0,2.18
2024-02-18 06:47:30,0,0,0,0,0,0,0,0,0,0,0,0,2.18
2024-02-18 06:48:00,0,0,0,0,0,0,0,0,0,0,0,0,2.18
2024-02-18 06:48:30,0,0,0,0,0,0,0,0,0,0,0,0,2.18
2024-02-18 06:49:00,0,0,0,0,0,0,0,0,0,0,0,0,2.18
2024-02-18 06:49:30,0,0,0,0,0,0,0,0,0,0,0,0,2.18
2024-02-18 06:50:00,0,0,0,0,0,0,0,0,0,0,0,0,2.18
2024-02-18 06:50:30,0,0,0,0,0,0,0,0,0,0,0,0,2.18
2024-02-18 06:51:00,0,0,0,0,0,0,0,0,0,0,0,0,2.18
2024-02-18 06:51:30,0,0,0,0,0,0,0,0,0,0,0,0,2.18
2024-02-18 06:52:00,0,0,0,0,0,0,0,0,0,0,0,0,2.18
2024-02-18 06:52:30,0,0,0,0,0,0,0,0,0,0,0,0,1.09
2024-02-18 06:53:00,0,0,0,0,0,0,0,0,0,0,0,0,2.18
2024-02-18 06:53:30,0,0,0,0,0,0,0,0,0,0,0,0,1.09
2024-02-18 06:54:00,0,0,0,0,0,0,0,0,0,0,0,0,2.18
2024-02-18 06:54:30,0,0,0,0,0,0,0,0,0,0,0,0,1.09
2024-02-18 06:55:00,0,0,0,0,0,0,0,0,0,0,0,0,2.18
2024-02-18 06:55:30,0,0,0,0,0,0,0,0,0,0,0,0,1.09
2024-02-18 06:56:00,0,0,0,0,0,0,0,0,0,0,0,0,2.18
2024-02-18 06:56:30,0,0,0,0,0,0,0,0,0,0,0,0,1.09
2024-02-18 06:57:00,0,0,0,0,0,0,0,0,0,0,0,0,2.18
2024-02-18 06:57:30,0,0,0,0,0,0,0,0,0,0,0,0,1.09
2024-02-18 06:58:00,0,0,0,0,0,0,0,0,0,0,0,0,2.18
2024-02-18 06:58:30,0,0,0,0,0,0,0,0,0,0,0,0,1.09
2024-02-18 06:59:00,0,0,0,0,0,0,0,0,0,0,0,0,2.18
2024-02-18 06:59:30,0,0,0,0,0,0,0,0,0,0,0,0,2.18
2024-02-18 07:00:00,0,0,0,0,0,0,0,0,0,0,0,0,2.18

